sample_a,sample_b,pair_type,similarity
杨戴/伤逝__chunk001,杨戴/伤逝__chunk002,same,0.948894
杨戴/伤逝__chunk001,杨戴/在酒楼上__chunk001,same,0.946058
杨戴/伤逝__chunk001,杨戴/奔月__chunk001,same,0.861203
杨戴/伤逝__chunk001,杨戴/孤独者__chunk001,same,0.902834
杨戴/伤逝__chunk001,杨戴/孤独者__chunk002,same,0.914268
杨戴/伤逝__chunk001,杨戴/幸福的家庭__chunk001,same,0.827079
杨戴/伤逝__chunk001,杨戴/故乡__chunk001,same,0.921518
杨戴/伤逝__chunk001,杨戴/明天__chunk001,same,0.854222
杨戴/伤逝__chunk001,杨戴/狂人日记__chunk001,same,0.884301
杨戴/伤逝__chunk001,杨戴/社戏__chunk001,same,0.926981
杨戴/伤逝__chunk001,杨戴/祝福__chunk001,same,0.929354
杨戴/伤逝__chunk001,杨戴/祝福__chunk002,same,0.877960
杨戴/伤逝__chunk001,杨戴/离婚__chunk001,same,0.873254
杨戴/伤逝__chunk001,杨戴/肥皂__chunk001,same,0.879847
杨戴/伤逝__chunk001,杨戴/药__chunk001,same,0.828055
杨戴/伤逝__chunk001,杨戴/铸剑__chunk001,same,0.824827
杨戴/伤逝__chunk001,杨戴/铸剑__chunk002,same,0.798309
杨戴/伤逝__chunk001,杨戴/阿Q正传__chunk001,same,0.813493
杨戴/伤逝__chunk001,杨戴/阿Q正传__chunk002,same,0.809763
杨戴/伤逝__chunk001,杨戴/阿Q正传__chunk003,same,0.824198
杨戴/伤逝__chunk001,杨戴/阿Q正传__chunk004,same,0.815988
杨戴/伤逝__chunk001,杨戴/风波__chunk001,same,0.870766
杨戴/伤逝__chunk001,蓝/伤逝__chunk001,cross,0.946608
杨戴/伤逝__chunk001,蓝/伤逝__chunk002,cross,0.911234
杨戴/伤逝__chunk001,蓝/在酒楼上__chunk001,cross,0.950946
杨戴/伤逝__chunk001,蓝/奔月__chunk001,cross,0.845522
杨戴/伤逝__chunk001,蓝/孤独者__chunk001,cross,0.895234
杨戴/伤逝__chunk001,蓝/孤独者__chunk002,cross,0.902338
杨戴/伤逝__chunk001,蓝/幸福的家庭__chunk001,cross,0.805060
杨戴/伤逝__chunk001,蓝/故乡__chunk001,cross,0.912084
杨戴/伤逝__chunk001,蓝/明天__chunk001,cross,0.854407
杨戴/伤逝__chunk001,蓝/狂人日记__chunk001,cross,0.872455
杨戴/伤逝__chunk001,蓝/社戏__chunk001,cross,0.888151
杨戴/伤逝__chunk001,蓝/祝福__chunk001,cross,0.907841
杨戴/伤逝__chunk001,蓝/祝福__chunk002,cross,0.892636
杨戴/伤逝__chunk001,蓝/离婚__chunk001,cross,0.852078
杨戴/伤逝__chunk001,蓝/肥皂__chunk001,cross,0.863010
杨戴/伤逝__chunk001,蓝/药__chunk001,cross,0.806857
杨戴/伤逝__chunk001,蓝/铸剑__chunk001,cross,0.822810
杨戴/伤逝__chunk001,蓝/铸剑__chunk002,cross,0.778288
杨戴/伤逝__chunk001,蓝/阿Q正传__chunk001,cross,0.782706
杨戴/伤逝__chunk001,蓝/阿Q正传__chunk002,cross,0.783779
杨戴/伤逝__chunk001,蓝/阿Q正传__chunk003,cross,0.796974
杨戴/伤逝__chunk001,蓝/阿Q正传__chunk004,cross,0.819467
杨戴/伤逝__chunk001,蓝/风波__chunk001,cross,0.839261
杨戴/伤逝__chunk002,杨戴/在酒楼上__chunk001,same,0.921113
杨戴/伤逝__chunk002,杨戴/奔月__chunk001,same,0.866935
杨戴/伤逝__chunk002,杨戴/孤独者__chunk001,same,0.917513
杨戴/伤逝__chunk002,杨戴/孤独者__chunk002,same,0.942531
杨戴/伤逝__chunk002,杨戴/幸福的家庭__chunk001,same,0.828707
杨戴/伤逝__chunk002,杨戴/故乡__chunk001,same,0.902159
杨戴/伤逝__chunk002,杨戴/明天__chunk001,same,0.846221
杨戴/伤逝__chunk002,杨戴/狂人日记__chunk001,same,0.878971
杨戴/伤逝__chunk002,杨戴/社戏__chunk001,same,0.908107
杨戴/伤逝__chunk002,杨戴/祝福__chunk001,same,0.906125
杨戴/伤逝__chunk002,杨戴/祝福__chunk002,same,0.862441
杨戴/伤逝__chunk002,杨戴/离婚__chunk001,same,0.866154
杨戴/伤逝__chunk002,杨戴/肥皂__chunk001,same,0.872549
杨戴/伤逝__chunk002,杨戴/药__chunk001,same,0.848059
杨戴/伤逝__chunk002,杨戴/铸剑__chunk001,same,0.843962
杨戴/伤逝__chunk002,杨戴/铸剑__chunk002,same,0.807476
杨戴/伤逝__chunk002,杨戴/阿Q正传__chunk001,same,0.794509
杨戴/伤逝__chunk002,杨戴/阿Q正传__chunk002,same,0.798445
杨戴/伤逝__chunk002,杨戴/阿Q正传__chunk003,same,0.798911
杨戴/伤逝__chunk002,杨戴/阿Q正传__chunk004,same,0.795731
杨戴/伤逝__chunk002,杨戴/风波__chunk001,same,0.861999
杨戴/伤逝__chunk002,蓝/伤逝__chunk001,cross,0.948448
杨戴/伤逝__chunk002,蓝/伤逝__chunk002,cross,0.929553
杨戴/伤逝__chunk002,蓝/在酒楼上__chunk001,cross,0.929442
杨戴/伤逝__chunk002,蓝/奔月__chunk001,cross,0.859538
杨戴/伤逝__chunk002,蓝/孤独者__chunk001,cross,0.900125
杨戴/伤逝__chunk002,蓝/孤独者__chunk002,cross,0.921699
杨戴/伤逝__chunk002,蓝/幸福的家庭__chunk001,cross,0.815992
杨戴/伤逝__chunk002,蓝/故乡__chunk001,cross,0.906050
杨戴/伤逝__chunk002,蓝/明天__chunk001,cross,0.834644
杨戴/伤逝__chunk002,蓝/狂人日记__chunk001,cross,0.897103
杨戴/伤逝__chunk002,蓝/社戏__chunk001,cross,0.882587
杨戴/伤逝__chunk002,蓝/祝福__chunk001,cross,0.901345
杨戴/伤逝__chunk002,蓝/祝福__chunk002,cross,0.899398
杨戴/伤逝__chunk002,蓝/离婚__chunk001,cross,0.866842
杨戴/伤逝__chunk002,蓝/肥皂__chunk001,cross,0.860341
杨戴/伤逝__chunk002,蓝/药__chunk001,cross,0.812809
杨戴/伤逝__chunk002,蓝/铸剑__chunk001,cross,0.838246
杨戴/伤逝__chunk002,蓝/铸剑__chunk002,cross,0.768765
杨戴/伤逝__chunk002,蓝/阿Q正传__chunk001,cross,0.772495
杨戴/伤逝__chunk002,蓝/阿Q正传__chunk002,cross,0.774961
杨戴/伤逝__chunk002,蓝/阿Q正传__chunk003,cross,0.793802
杨戴/伤逝__chunk002,蓝/阿Q正传__chunk004,cross,0.814075
杨戴/伤逝__chunk002,蓝/风波__chunk001,cross,0.849053
杨戴/在酒楼上__chunk001,杨戴/奔月__chunk001,same,0.867434
杨戴/在酒楼上__chunk001,杨戴/孤独者__chunk001,same,0.905322
杨戴/在酒楼上__chunk001,杨戴/孤独者__chunk002,same,0.915058
杨戴/在酒楼上__chunk001,杨戴/幸福的家庭__chunk001,same,0.835666
杨戴/在酒楼上__chunk001,杨戴/故乡__chunk001,same,0.947050
杨戴/在酒楼上__chunk001,杨戴/明天__chunk001,same,0.827715
杨戴/在酒楼上__chunk001,杨戴/狂人日记__chunk001,same,0.924576
杨戴/在酒楼上__chunk001,杨戴/社戏__chunk001,same,0.945395
杨戴/在酒楼上__chunk001,杨戴/祝福__chunk001,same,0.933839
杨戴/在酒楼上__chunk001,杨戴/祝福__chunk002,same,0.912636
杨戴/在酒楼上__chunk001,杨戴/离婚__chunk001,same,0.867740
杨戴/在酒楼上__chunk001,杨戴/肥皂__chunk001,same,0.867129
杨戴/在酒楼上__chunk001,杨戴/药__chunk001,same,0.832276
杨戴/在酒楼上__chunk001,杨戴/铸剑__chunk001,same,0.831343
杨戴/在酒楼上__chunk001,杨戴/铸剑__chunk002,same,0.798138
杨戴/在酒楼上__chunk001,杨戴/阿Q正传__chunk001,same,0.846097
杨戴/在酒楼上__chunk001,杨戴/阿Q正传__chunk002,same,0.820604
杨戴/在酒楼上__chunk001,杨戴/阿Q正传__chunk003,same,0.857455
杨戴/在酒楼上__chunk001,杨戴/阿Q正传__chunk004,same,0.852432
杨戴/在酒楼上__chunk001,杨戴/风波__chunk001,same,0.865963
杨戴/在酒楼上__chunk001,蓝/伤逝__chunk001,cross,0.917668
杨戴/在酒楼上__chunk001,蓝/伤逝__chunk002,cross,0.902026
杨戴/在酒楼上__chunk001,蓝/在酒楼上__chunk001,cross,0.945758
杨戴/在酒楼上__chunk001,蓝/奔月__chunk001,cross,0.855314
杨戴/在酒楼上__chunk001,蓝/孤独者__chunk001,cross,0.897380
杨戴/在酒楼上__chunk001,蓝/孤独者__chunk002,cross,0.899859
杨戴/在酒楼上__chunk001,蓝/幸福的家庭__chunk001,cross,0.816925
杨戴/在酒楼上__chunk001,蓝/故乡__chunk001,cross,0.917878
杨戴/在酒楼上__chunk001,蓝/明天__chunk001,cross,0.851259
杨戴/在酒楼上__chunk001,蓝/狂人日记__chunk001,cross,0.874400
杨戴/在酒楼上__chunk001,蓝/社戏__chunk001,cross,0.898466
杨戴/在酒楼上__chunk001,蓝/祝福__chunk001,cross,0.895785
杨戴/在酒楼上__chunk001,蓝/祝福__chunk002,cross,0.874058
杨戴/在酒楼上__chunk001,蓝/离婚__chunk001,cross,0.852643
杨戴/在酒楼上__chunk001,蓝/肥皂__chunk001,cross,0.860811
杨戴/在酒楼上__chunk001,蓝/药__chunk001,cross,0.807787
杨戴/在酒楼上__chunk001,蓝/铸剑__chunk001,cross,0.837684
杨戴/在酒楼上__chunk001,蓝/铸剑__chunk002,cross,0.794962
杨戴/在酒楼上__chunk001,蓝/阿Q正传__chunk001,cross,0.810008
杨戴/在酒楼上__chunk001,蓝/阿Q正传__chunk002,cross,0.800005
杨戴/在酒楼上__chunk001,蓝/阿Q正传__chunk003,cross,0.813725
杨戴/在酒楼上__chunk001,蓝/阿Q正传__chunk004,cross,0.833377
杨戴/在酒楼上__chunk001,蓝/风波__chunk001,cross,0.841747
杨戴/奔月__chunk001,杨戴/孤独者__chunk001,same,0.914243
杨戴/奔月__chunk001,杨戴/孤独者__chunk002,same,0.889692
杨戴/奔月__chunk001,杨戴/幸福的家庭__chunk001,same,0.899334
杨戴/奔月__chunk001,杨戴/故乡__chunk001,same,0.889138
杨戴/奔月__chunk001,杨戴/明天__chunk001,same,0.867115
杨戴/奔月__chunk001,杨戴/狂人日记__chunk001,same,0.864881
杨戴/奔月__chunk001,杨戴/社戏__chunk001,same,0.891159
杨戴/奔月__chunk001,杨戴/祝福__chunk001,same,0.869747
杨戴/奔月__chunk001,杨戴/祝福__chunk002,same,0.852965
杨戴/奔月__chunk001,杨戴/离婚__chunk001,same,0.951078
杨戴/奔月__chunk001,杨戴/肥皂__chunk001,same,0.944141
杨戴/奔月__chunk001,杨戴/药__chunk001,same,0.930778
杨戴/奔月__chunk001,杨戴/铸剑__chunk001,same,0.935822
杨戴/奔月__chunk001,杨戴/铸剑__chunk002,same,0.871843
杨戴/奔月__chunk001,杨戴/阿Q正传__chunk001,same,0.842582
杨戴/奔月__chunk001,杨戴/阿Q正传__chunk002,same,0.848297
杨戴/奔月__chunk001,杨戴/阿Q正传__chunk003,same,0.858417
杨戴/奔月__chunk001,杨戴/阿Q正传__chunk004,same,0.865417
杨戴/奔月__chunk001,杨戴/风波__chunk001,same,0.930393
杨戴/奔月__chunk001,蓝/伤逝__chunk001,cross,0.841856
杨戴/奔月__chunk001,蓝/伤逝__chunk002,cross,0.817533
杨戴/奔月__chunk001,蓝/在酒楼上__chunk001,cross,0.880074
杨戴/奔月__chunk001,蓝/奔月__chunk001,cross,0.940925
杨戴/奔月__chunk001,蓝/孤独者__chunk001,cross,0.900944
杨戴/奔月__chunk001,蓝/孤独者__chunk002,cross,0.876282
杨戴/奔月__chunk001,蓝/幸福的家庭__chunk001,cross,0.872797
杨戴/奔月__chunk001,蓝/故乡__chunk001,cross,0.882695
杨戴/奔月__chunk001,蓝/明天__chunk001,cross,0.852368
杨戴/奔月__chunk001,蓝/狂人日记__chunk001,cross,0.862081
杨戴/奔月__chunk001,蓝/社戏__chunk001,cross,0.860162
杨戴/奔月__chunk001,蓝/祝福__chunk001,cross,0.858578
杨戴/奔月__chunk001,蓝/祝福__chunk002,cross,0.863655
杨戴/奔月__chunk001,蓝/离婚__chunk001,cross,0.901574
杨戴/奔月__chunk001,蓝/肥皂__chunk001,cross,0.898753
杨戴/奔月__chunk001,蓝/药__chunk001,cross,0.890719
杨戴/奔月__chunk001,蓝/铸剑__chunk001,cross,0.909402
杨戴/奔月__chunk001,蓝/铸剑__chunk002,cross,0.811421
杨戴/奔月__chunk001,蓝/阿Q正传__chunk001,cross,0.811908
杨戴/奔月__chunk001,蓝/阿Q正传__chunk002,cross,0.829091
杨戴/奔月__chunk001,蓝/阿Q正传__chunk003,cross,0.831267
杨戴/奔月__chunk001,蓝/阿Q正传__chunk004,cross,0.866785
杨戴/奔月__chunk001,蓝/风波__chunk001,cross,0.891372
杨戴/孤独者__chunk001,杨戴/孤独者__chunk002,same,0.957885
杨戴/孤独者__chunk001,杨戴/幸福的家庭__chunk001,same,0.894391
杨戴/孤独者__chunk001,杨戴/故乡__chunk001,same,0.920022
杨戴/孤独者__chunk001,杨戴/明天__chunk001,same,0.842061
杨戴/孤独者__chunk001,杨戴/狂人日记__chunk001,same,0.907381
杨戴/孤独者__chunk001,杨戴/社戏__chunk001,same,0.897045
杨戴/孤独者__chunk001,杨戴/祝福__chunk001,same,0.891305
杨戴/孤独者__chunk001,杨戴/祝福__chunk002,same,0.856537
杨戴/孤独者__chunk001,杨戴/离婚__chunk001,same,0.918665
杨戴/孤独者__chunk001,杨戴/肥皂__chunk001,same,0.910194
杨戴/孤独者__chunk001,杨戴/药__chunk001,same,0.903992
杨戴/孤独者__chunk001,杨戴/铸剑__chunk001,same,0.911768
杨戴/孤独者__chunk001,杨戴/铸剑__chunk002,same,0.849667
杨戴/孤独者__chunk001,杨戴/阿Q正传__chunk001,same,0.848935
杨戴/孤独者__chunk001,杨戴/阿Q正传__chunk002,same,0.860611
杨戴/孤独者__chunk001,杨戴/阿Q正传__chunk003,same,0.851942
杨戴/孤独者__chunk001,杨戴/阿Q正传__chunk004,same,0.855279
杨戴/孤独者__chunk001,杨戴/风波__chunk001,same,0.909087
杨戴/孤独者__chunk001,蓝/伤逝__chunk001,cross,0.892864
杨戴/孤独者__chunk001,蓝/伤逝__chunk002,cross,0.881055
杨戴/孤独者__chunk001,蓝/在酒楼上__chunk001,cross,0.923540
杨戴/孤独者__chunk001,蓝/奔月__chunk001,cross,0.918192
杨戴/孤独者__chunk001,蓝/孤独者__chunk001,cross,0.960267
杨戴/孤独者__chunk001,蓝/孤独者__chunk002,cross,0.939860
杨戴/孤独者__chunk001,蓝/幸福的家庭__chunk001,cross,0.878518
杨戴/孤独者__chunk001,蓝/故乡__chunk001,cross,0.937146
杨戴/孤独者__chunk001,蓝/明天__chunk001,cross,0.845357
杨戴/孤独者__chunk001,蓝/狂人日记__chunk001,cross,0.922139
杨戴/孤独者__chunk001,蓝/社戏__chunk001,cross,0.882883
杨戴/孤独者__chunk001,蓝/祝福__chunk001,cross,0.893221
杨戴/孤独者__chunk001,蓝/祝福__chunk002,cross,0.894840
杨戴/孤独者__chunk001,蓝/离婚__chunk001,cross,0.912497
杨戴/孤独者__chunk001,蓝/肥皂__chunk001,cross,0.918275
杨戴/孤独者__chunk001,蓝/药__chunk001,cross,0.871769
杨戴/孤独者__chunk001,蓝/铸剑__chunk001,cross,0.906375
杨戴/孤独者__chunk001,蓝/铸剑__chunk002,cross,0.800425
杨戴/孤独者__chunk001,蓝/阿Q正传__chunk001,cross,0.832466
杨戴/孤独者__chunk001,蓝/阿Q正传__chunk002,cross,0.838872
杨戴/孤独者__chunk001,蓝/阿Q正传__chunk003,cross,0.839335
杨戴/孤独者__chunk001,蓝/阿Q正传__chunk004,cross,0.874191
杨戴/孤独者__chunk001,蓝/风波__chunk001,cross,0.886136
杨戴/孤独者__chunk002,杨戴/幸福的家庭__chunk001,same,0.871129
杨戴/孤独者__chunk002,杨戴/故乡__chunk001,same,0.913018
杨戴/孤独者__chunk002,杨戴/明天__chunk001,same,0.832185
杨戴/孤独者__chunk002,杨戴/狂人日记__chunk001,same,0.911033
杨戴/孤独者__chunk002,杨戴/社戏__chunk001,same,0.896604
杨戴/孤独者__chunk002,杨戴/祝福__chunk001,same,0.883829
杨戴/孤独者__chunk002,杨戴/祝福__chunk002,same,0.834571
杨戴/孤独者__chunk002,杨戴/离婚__chunk001,same,0.893397
杨戴/孤独者__chunk002,杨戴/肥皂__chunk001,same,0.876924
杨戴/孤独者__chunk002,杨戴/药__chunk001,same,0.874084
杨戴/孤独者__chunk002,杨戴/铸剑__chunk001,same,0.878484
杨戴/孤独者__chunk002,杨戴/铸剑__chunk002,same,0.824876
杨戴/孤独者__chunk002,杨戴/阿Q正传__chunk001,same,0.828075
杨戴/孤独者__chunk002,杨戴/阿Q正传__chunk002,same,0.836694
杨戴/孤独者__chunk002,杨戴/阿Q正传__chunk003,same,0.829491
杨戴/孤独者__chunk002,杨戴/阿Q正传__chunk004,same,0.833084
杨戴/孤独者__chunk002,杨戴/风波__chunk001,same,0.876292
杨戴/孤独者__chunk002,蓝/伤逝__chunk001,cross,0.916376
杨戴/孤独者__chunk002,蓝/伤逝__chunk002,cross,0.902614
杨戴/孤独者__chunk002,蓝/在酒楼上__chunk001,cross,0.925120
杨戴/孤独者__chunk002,蓝/奔月__chunk001,cross,0.887850
杨戴/孤独者__chunk002,蓝/孤独者__chunk001,cross,0.932085
杨戴/孤独者__chunk002,蓝/孤独者__chunk002,cross,0.946772
杨戴/孤独者__chunk002,蓝/幸福的家庭__chunk001,cross,0.845263
杨戴/孤独者__chunk002,蓝/故乡__chunk001,cross,0.923989
杨戴/孤独者__chunk002,蓝/明天__chunk001,cross,0.827813
杨戴/孤独者__chunk002,蓝/狂人日记__chunk001,cross,0.925712
杨戴/孤独者__chunk002,蓝/社戏__chunk001,cross,0.881940
杨戴/孤独者__chunk002,蓝/祝福__chunk001,cross,0.878978
杨戴/孤独者__chunk002,蓝/祝福__chunk002,cross,0.879409
杨戴/孤独者__chunk002,蓝/离婚__chunk001,cross,0.885073
杨戴/孤独者__chunk002,蓝/肥皂__chunk001,cross,0.874911
杨戴/孤独者__chunk002,蓝/药__chunk001,cross,0.831907
杨戴/孤独者__chunk002,蓝/铸剑__chunk001,cross,0.870269
杨戴/孤独者__chunk002,蓝/铸剑__chunk002,cross,0.783637
杨戴/孤独者__chunk002,蓝/阿Q正传__chunk001,cross,0.808903
杨戴/孤独者__chunk002,蓝/阿Q正传__chunk002,cross,0.812178
杨戴/孤独者__chunk002,蓝/阿Q正传__chunk003,cross,0.815469
杨戴/孤独者__chunk002,蓝/阿Q正传__chunk004,cross,0.848420
杨戴/孤独者__chunk002,蓝/风波__chunk001,cross,0.852985
杨戴/幸福的家庭__chunk001,杨戴/故乡__chunk001,same,0.850497
杨戴/幸福的家庭__chunk001,杨戴/明天__chunk001,same,0.850833
杨戴/幸福的家庭__chunk001,杨戴/狂人日记__chunk001,same,0.866600
杨戴/幸福的家庭__chunk001,杨戴/社戏__chunk001,same,0.859796
杨戴/幸福的家庭__chunk001,杨戴/祝福__chunk001,same,0.847210
杨戴/幸福的家庭__chunk001,杨戴/祝福__chunk002,same,0.825003
杨戴/幸福的家庭__chunk001,杨戴/离婚__chunk001,same,0.897794
杨戴/幸福的家庭__chunk001,杨戴/肥皂__chunk001,same,0.886579
杨戴/幸福的家庭__chunk001,杨戴/药__chunk001,same,0.916911
杨戴/幸福的家庭__chunk001,杨戴/铸剑__chunk001,same,0.905721
杨戴/幸福的家庭__chunk001,杨戴/铸剑__chunk002,same,0.879457
杨戴/幸福的家庭__chunk001,杨戴/阿Q正传__chunk001,same,0.845844
杨戴/幸福的家庭__chunk001,杨戴/阿Q正传__chunk002,same,0.852487
杨戴/幸福的家庭__chunk001,杨戴/阿Q正传__chunk003,same,0.849277
杨戴/幸福的家庭__chunk001,杨戴/阿Q正传__chunk004,same,0.848080
杨戴/幸福的家庭__chunk001,杨戴/风波__chunk001,same,0.911681
杨戴/幸福的家庭__chunk001,蓝/伤逝__chunk001,cross,0.857936
杨戴/幸福的家庭__chunk001,蓝/伤逝__chunk002,cross,0.839418
杨戴/幸福的家庭__chunk001,蓝/在酒楼上__chunk001,cross,0.856462
杨戴/幸福的家庭__chunk001,蓝/奔月__chunk001,cross,0.936670
杨戴/幸福的家庭__chunk001,蓝/孤独者__chunk001,cross,0.905897
杨戴/幸福的家庭__chunk001,蓝/孤独者__chunk002,cross,0.889340
杨戴/幸福的家庭__chunk001,蓝/幸福的家庭__chunk001,cross,0.953276
杨戴/幸福的家庭__chunk001,蓝/故乡__chunk001,cross,0.912203
杨戴/幸福的家庭__chunk001,蓝/明天__chunk001,cross,0.884922
杨戴/幸福的家庭__chunk001,蓝/狂人日记__chunk001,cross,0.881977
杨戴/幸福的家庭__chunk001,蓝/社戏__chunk001,cross,0.886180
杨戴/幸福的家庭__chunk001,蓝/祝福__chunk001,cross,0.867930
杨戴/幸福的家庭__chunk001,蓝/祝福__chunk002,cross,0.837234
杨戴/幸福的家庭__chunk001,蓝/离婚__chunk001,cross,0.939093
杨戴/幸福的家庭__chunk001,蓝/肥皂__chunk001,cross,0.923004
杨戴/幸福的家庭__chunk001,蓝/药__chunk001,cross,0.912513
杨戴/幸福的家庭__chunk001,蓝/铸剑__chunk001,cross,0.926198
杨戴/幸福的家庭__chunk001,蓝/铸剑__chunk002,cross,0.856300
杨戴/幸福的家庭__chunk001,蓝/阿Q正传__chunk001,cross,0.854320
杨戴/幸福的家庭__chunk001,蓝/阿Q正传__chunk002,cross,0.867288
杨戴/幸福的家庭__chunk001,蓝/阿Q正传__chunk003,cross,0.867179
杨戴/幸福的家庭__chunk001,蓝/阿Q正传__chunk004,cross,0.899662
杨戴/幸福的家庭__chunk001,蓝/风波__chunk001,cross,0.910067
杨戴/故乡__chunk001,杨戴/明天__chunk001,same,0.839668
杨戴/故乡__chunk001,杨戴/狂人日记__chunk001,same,0.924953
杨戴/故乡__chunk001,杨戴/社戏__chunk001,same,0.938179
杨戴/故乡__chunk001,杨戴/祝福__chunk001,same,0.934065
杨戴/故乡__chunk001,杨戴/祝福__chunk002,same,0.903980
杨戴/故乡__chunk001,杨戴/离婚__chunk001,same,0.888867
杨戴/故乡__chunk001,杨戴/肥皂__chunk001,same,0.878443
杨戴/故乡__chunk001,杨戴/药__chunk001,same,0.857383
杨戴/故乡__chunk001,杨戴/铸剑__chunk001,same,0.848390
杨戴/故乡__chunk001,杨戴/铸剑__chunk002,same,0.801986
杨戴/故乡__chunk001,杨戴/阿Q正传__chunk001,same,0.863585
杨戴/故乡__chunk001,杨戴/阿Q正传__chunk002,same,0.853512
杨戴/故乡__chunk001,杨戴/阿Q正传__chunk003,same,0.887208
杨戴/故乡__chunk001,杨戴/阿Q正传__chunk004,same,0.888032
杨戴/故乡__chunk001,杨戴/风波__chunk001,same,0.883588
杨戴/故乡__chunk001,蓝/伤逝__chunk001,cross,0.890284
杨戴/故乡__chunk001,蓝/伤逝__chunk002,cross,0.860319
杨戴/故乡__chunk001,蓝/在酒楼上__chunk001,cross,0.924923
杨戴/故乡__chunk001,蓝/奔月__chunk001,cross,0.859634
杨戴/故乡__chunk001,蓝/孤独者__chunk001,cross,0.910901
杨戴/故乡__chunk001,蓝/孤独者__chunk002,cross,0.892205
杨戴/故乡__chunk001,蓝/幸福的家庭__chunk001,cross,0.831650
杨戴/故乡__chunk001,蓝/故乡__chunk001,cross,0.918136
杨戴/故乡__chunk001,蓝/明天__chunk001,cross,0.833519
杨戴/故乡__chunk001,蓝/狂人日记__chunk001,cross,0.860013
杨戴/故乡__chunk001,蓝/社戏__chunk001,cross,0.883811
杨戴/故乡__chunk001,蓝/祝福__chunk001,cross,0.878262
杨戴/故乡__chunk001,蓝/祝福__chunk002,cross,0.865037
杨戴/故乡__chunk001,蓝/离婚__chunk001,cross,0.854293
杨戴/故乡__chunk001,蓝/肥皂__chunk001,cross,0.861793
杨戴/故乡__chunk001,蓝/药__chunk001,cross,0.820102
杨戴/故乡__chunk001,蓝/铸剑__chunk001,cross,0.849216
杨戴/故乡__chunk001,蓝/铸剑__chunk002,cross,0.791365
杨戴/故乡__chunk001,蓝/阿Q正传__chunk001,cross,0.820072
杨戴/故乡__chunk001,蓝/阿Q正传__chunk002,cross,0.820449
杨戴/故乡__chunk001,蓝/阿Q正传__chunk003,cross,0.841201
杨戴/故乡__chunk001,蓝/阿Q正传__chunk004,cross,0.845126
杨戴/故乡__chunk001,蓝/风波__chunk001,cross,0.865167
杨戴/明天__chunk001,杨戴/狂人日记__chunk001,same,0.803542
杨戴/明天__chunk001,杨戴/社戏__chunk001,same,0.851649
杨戴/明天__chunk001,杨戴/祝福__chunk001,same,0.896671
杨戴/明天__chunk001,杨戴/祝福__chunk002,same,0.893612
杨戴/明天__chunk001,杨戴/离婚__chunk001,same,0.859386
杨戴/明天__chunk001,杨戴/肥皂__chunk001,same,0.871109
杨戴/明天__chunk001,杨戴/药__chunk001,same,0.882322
杨戴/明天__chunk001,杨戴/铸剑__chunk001,same,0.847478
杨戴/明天__chunk001,杨戴/铸剑__chunk002,same,0.818996
杨戴/明天__chunk001,杨戴/阿Q正传__chunk001,same,0.804673
杨戴/明天__chunk001,杨戴/阿Q正传__chunk002,same,0.823811
杨戴/明天__chunk001,杨戴/阿Q正传__chunk003,same,0.823012
杨戴/明天__chunk001,杨戴/阿Q正传__chunk004,same,0.831353
杨戴/明天__chunk001,杨戴/风波__chunk001,same,0.888421
杨戴/明天__chunk001,蓝/伤逝__chunk001,cross,0.846632
杨戴/明天__chunk001,蓝/伤逝__chunk002,cross,0.812177
杨戴/明天__chunk001,蓝/在酒楼上__chunk001,cross,0.834074
杨戴/明天__chunk001,蓝/奔月__chunk001,cross,0.859271
杨戴/明天__chunk001,蓝/孤独者__chunk001,cross,0.847317
杨戴/明天__chunk001,蓝/孤独者__chunk002,cross,0.820416
杨戴/明天__chunk001,蓝/幸福的家庭__chunk001,cross,0.823338
杨戴/明天__chunk001,蓝/故乡__chunk001,cross,0.846479
杨戴/明天__chunk001,蓝/明天__chunk001,cross,0.875483
杨戴/明天__chunk001,蓝/狂人日记__chunk001,cross,0.791181
杨戴/明天__chunk001,蓝/社戏__chunk001,cross,0.834639
杨戴/明天__chunk001,蓝/祝福__chunk001,cross,0.913104
杨戴/明天__chunk001,蓝/祝福__chunk002,cross,0.906830
杨戴/明天__chunk001,蓝/离婚__chunk001,cross,0.850796
杨戴/明天__chunk001,蓝/肥皂__chunk001,cross,0.849662
杨戴/明天__chunk001,蓝/药__chunk001,cross,0.840773
杨戴/明天__chunk001,蓝/铸剑__chunk001,cross,0.839077
杨戴/明天__chunk001,蓝/铸剑__chunk002,cross,0.805798
杨戴/明天__chunk001,蓝/阿Q正传__chunk001,cross,0.796044
杨戴/明天__chunk001,蓝/阿Q正传__chunk002,cross,0.809559
杨戴/明天__chunk001,蓝/阿Q正传__chunk003,cross,0.819644
杨戴/明天__chunk001,蓝/阿Q正传__chunk004,cross,0.839898
杨戴/明天__chunk001,蓝/风波__chunk001,cross,0.871843
杨戴/狂人日记__chunk001,杨戴/社戏__chunk001,same,0.904149
杨戴/狂人日记__chunk001,杨戴/祝福__chunk001,same,0.886579
杨戴/狂人日记__chunk001,杨戴/祝福__chunk002,same,0.878119
杨戴/狂人日记__chunk001,杨戴/离婚__chunk001,same,0.873647
杨戴/狂人日记__chunk001,杨戴/肥皂__chunk001,same,0.861911
杨戴/狂人日记__chunk001,杨戴/药__chunk001,same,0.835623
杨戴/狂人日记__chunk001,杨戴/铸剑__chunk001,same,0.843604
杨戴/狂人日记__chunk001,杨戴/铸剑__chunk002,same,0.796714
杨戴/狂人日记__chunk001,杨戴/阿Q正传__chunk001,same,0.833724
杨戴/狂人日记__chunk001,杨戴/阿Q正传__chunk002,same,0.826245
杨戴/狂人日记__chunk001,杨戴/阿Q正传__chunk003,same,0.847357
杨戴/狂人日记__chunk001,杨戴/阿Q正传__chunk004,same,0.847828
杨戴/狂人日记__chunk001,杨戴/风波__chunk001,same,0.866760
杨戴/狂人日记__chunk001,蓝/伤逝__chunk001,cross,0.865390
杨戴/狂人日记__chunk001,蓝/伤逝__chunk002,cross,0.874405
杨戴/狂人日记__chunk001,蓝/在酒楼上__chunk001,cross,0.898450
杨戴/狂人日记__chunk001,蓝/奔月__chunk001,cross,0.852106
杨戴/狂人日记__chunk001,蓝/孤独者__chunk001,cross,0.906087
杨戴/狂人日记__chunk001,蓝/孤独者__chunk002,cross,0.892097
杨戴/狂人日记__chunk001,蓝/幸福的家庭__chunk001,cross,0.847462
杨戴/狂人日记__chunk001,蓝/故乡__chunk001,cross,0.908168
杨戴/狂人日记__chunk001,蓝/明天__chunk001,cross,0.816757
杨戴/狂人日记__chunk001,蓝/狂人日记__chunk001,cross,0.918337
杨戴/狂人日记__chunk001,蓝/社戏__chunk001,cross,0.873624
杨戴/狂人日记__chunk001,蓝/祝福__chunk001,cross,0.857920
杨戴/狂人日记__chunk001,蓝/祝福__chunk002,cross,0.846225
杨戴/狂人日记__chunk001,蓝/离婚__chunk001,cross,0.860362
杨戴/狂人日记__chunk001,蓝/肥皂__chunk001,cross,0.856276
杨戴/狂人日记__chunk001,蓝/药__chunk001,cross,0.811592
杨戴/狂人日记__chunk001,蓝/铸剑__chunk001,cross,0.849814
杨戴/狂人日记__chunk001,蓝/铸剑__chunk002,cross,0.779782
杨戴/狂人日记__chunk001,蓝/阿Q正传__chunk001,cross,0.802507
杨戴/狂人日记__chunk001,蓝/阿Q正传__chunk002,cross,0.800759
杨戴/狂人日记__chunk001,蓝/阿Q正传__chunk003,cross,0.810533
杨戴/狂人日记__chunk001,蓝/阿Q正传__chunk004,cross,0.835392
杨戴/狂人日记__chunk001,蓝/风波__chunk001,cross,0.845741
杨戴/社戏__chunk001,杨戴/祝福__chunk001,same,0.919791
杨戴/社戏__chunk001,杨戴/祝福__chunk002,same,0.901861
杨戴/社戏__chunk001,杨戴/离婚__chunk001,same,0.877927
杨戴/社戏__chunk001,杨戴/肥皂__chunk001,same,0.888435
杨戴/社戏__chunk001,杨戴/药__chunk001,same,0.864939
杨戴/社戏__chunk001,杨戴/铸剑__chunk001,same,0.870542
杨戴/社戏__chunk001,杨戴/铸剑__chunk002,same,0.850255
杨戴/社戏__chunk001,杨戴/阿Q正传__chunk001,same,0.856641
杨戴/社戏__chunk001,杨戴/阿Q正传__chunk002,same,0.828697
杨戴/社戏__chunk001,杨戴/阿Q正传__chunk003,same,0.870371
杨戴/社戏__chunk001,杨戴/阿Q正传__chunk004,same,0.866987
杨戴/社戏__chunk001,杨戴/风波__chunk001,same,0.906757
杨戴/社戏__chunk001,蓝/伤逝__chunk001,cross,0.911038
杨戴/社戏__chunk001,蓝/伤逝__chunk002,cross,0.871605
杨戴/社戏__chunk001,蓝/在酒楼上__chunk001,cross,0.933005
杨戴/社戏__chunk001,蓝/奔月__chunk001,cross,0.879923
杨戴/社戏__chunk001,蓝/孤独者__chunk001,cross,0.900857
杨戴/社戏__chunk001,蓝/孤独者__chunk002,cross,0.893755
杨戴/社戏__chunk001,蓝/幸福的家庭__chunk001,cross,0.843363
杨戴/社戏__chunk001,蓝/故乡__chunk001,cross,0.911787
杨戴/社戏__chunk001,蓝/明天__chunk001,cross,0.866931
杨戴/社戏__chunk001,蓝/狂人日记__chunk001,cross,0.871587
杨戴/社戏__chunk001,蓝/社戏__chunk001,cross,0.939907
杨戴/社戏__chunk001,蓝/祝福__chunk001,cross,0.893934
杨戴/社戏__chunk001,蓝/祝福__chunk002,cross,0.870129
杨戴/社戏__chunk001,蓝/离婚__chunk001,cross,0.871084
杨戴/社戏__chunk001,蓝/肥皂__chunk001,cross,0.877408
杨戴/社戏__chunk001,蓝/药__chunk001,cross,0.850900
杨戴/社戏__chunk001,蓝/铸剑__chunk001,cross,0.871186
杨戴/社戏__chunk001,蓝/铸剑__chunk002,cross,0.847069
杨戴/社戏__chunk001,蓝/阿Q正传__chunk001,cross,0.828006
杨戴/社戏__chunk001,蓝/阿Q正传__chunk002,cross,0.821670
杨戴/社戏__chunk001,蓝/阿Q正传__chunk003,cross,0.840552
杨戴/社戏__chunk001,蓝/阿Q正传__chunk004,cross,0.864446
杨戴/社戏__chunk001,蓝/风波__chunk001,cross,0.880719
杨戴/祝福__chunk001,杨戴/祝福__chunk002,same,0.946830
杨戴/祝福__chunk001,杨戴/离婚__chunk001,same,0.878012
杨戴/祝福__chunk001,杨戴/肥皂__chunk001,same,0.892225
杨戴/祝福__chunk001,杨戴/药__chunk001,same,0.852299
杨戴/祝福__chunk001,杨戴/铸剑__chunk001,same,0.832427
杨戴/祝福__chunk001,杨戴/铸剑__chunk002,same,0.807715
杨戴/祝福__chunk001,杨戴/阿Q正传__chunk001,same,0.855659
杨戴/祝福__chunk001,杨戴/阿Q正传__chunk002,same,0.833215
杨戴/祝福__chunk001,杨戴/阿Q正传__chunk003,same,0.868316
杨戴/祝福__chunk001,杨戴/阿Q正传__chunk004,same,0.862679
杨戴/祝福__chunk001,杨戴/风波__chunk001,same,0.889780
杨戴/祝福__chunk001,蓝/伤逝__chunk001,cross,0.910520
杨戴/祝福__chunk001,蓝/伤逝__chunk002,cross,0.881992
杨戴/祝福__chunk001,蓝/在酒楼上__chunk001,cross,0.918077
杨戴/祝福__chunk001,蓝/奔月__chunk001,cross,0.861408
杨戴/祝福__chunk001,蓝/孤独者__chunk001,cross,0.892344
杨戴/祝福__chunk001,蓝/孤独者__chunk002,cross,0.880290
杨戴/祝福__chunk001,蓝/幸福的家庭__chunk001,cross,0.829623
杨戴/祝福__chunk001,蓝/故乡__chunk001,cross,0.899799
杨戴/祝福__chunk001,蓝/明天__chunk001,cross,0.887190
杨戴/祝福__chunk001,蓝/狂人日记__chunk001,cross,0.853108
杨戴/祝福__chunk001,蓝/社戏__chunk001,cross,0.893234
杨戴/祝福__chunk001,蓝/祝福__chunk001,cross,0.940568
杨戴/祝福__chunk001,蓝/祝福__chunk002,cross,0.914621
杨戴/祝福__chunk001,蓝/离婚__chunk001,cross,0.862715
杨戴/祝福__chunk001,蓝/肥皂__chunk001,cross,0.873747
杨戴/祝福__chunk001,蓝/药__chunk001,cross,0.831097
杨戴/祝福__chunk001,蓝/铸剑__chunk001,cross,0.837574
杨戴/祝福__chunk001,蓝/铸剑__chunk002,cross,0.799283
杨戴/祝福__chunk001,蓝/阿Q正传__chunk001,cross,0.817274
杨戴/祝福__chunk001,蓝/阿Q正传__chunk002,cross,0.811081
杨戴/祝福__chunk001,蓝/阿Q正传__chunk003,cross,0.836892
杨戴/祝福__chunk001,蓝/阿Q正传__chunk004,cross,0.839974
杨戴/祝福__chunk001,蓝/风波__chunk001,cross,0.867491
杨戴/祝福__chunk002,杨戴/离婚__chunk001,same,0.852649
杨戴/祝福__chunk002,杨戴/肥皂__chunk001,same,0.870407
杨戴/祝福__chunk002,杨戴/药__chunk001,same,0.850151
杨戴/祝福__chunk002,杨戴/铸剑__chunk001,same,0.822519
杨戴/祝福__chunk002,杨戴/铸剑__chunk002,same,0.796439
杨戴/祝福__chunk002,杨戴/阿Q正传__chunk001,same,0.832970
杨戴/祝福__chunk002,杨戴/阿Q正传__chunk002,same,0.817606
杨戴/祝福__chunk002,杨戴/阿Q正传__chunk003,same,0.844488
杨戴/祝福__chunk002,杨戴/阿Q正传__chunk004,same,0.853201
杨戴/祝福__chunk002,杨戴/风波__chunk001,same,0.870059
杨戴/祝福__chunk002,蓝/伤逝__chunk001,cross,0.864367
杨戴/祝福__chunk002,蓝/伤逝__chunk002,cross,0.832540
杨戴/祝福__chunk002,蓝/在酒楼上__chunk001,cross,0.870351
杨戴/祝福__chunk002,蓝/奔月__chunk001,cross,0.839274
杨戴/祝福__chunk002,蓝/孤独者__chunk001,cross,0.859234
杨戴/祝福__chunk002,蓝/孤独者__chunk002,cross,0.833960
杨戴/祝福__chunk002,蓝/幸福的家庭__chunk001,cross,0.813545
杨戴/祝福__chunk002,蓝/故乡__chunk001,cross,0.857258
杨戴/祝福__chunk002,蓝/明天__chunk001,cross,0.865287
杨戴/祝福__chunk002,蓝/狂人日记__chunk001,cross,0.809964
杨戴/祝福__chunk002,蓝/社戏__chunk001,cross,0.860042
杨戴/祝福__chunk002,蓝/祝福__chunk001,cross,0.906389
杨戴/祝福__chunk002,蓝/祝福__chunk002,cross,0.926432
杨戴/祝福__chunk002,蓝/离婚__chunk001,cross,0.838763
杨戴/祝福__chunk002,蓝/肥皂__chunk001,cross,0.851601
杨戴/祝福__chunk002,蓝/药__chunk001,cross,0.816409
杨戴/祝福__chunk002,蓝/铸剑__chunk001,cross,0.828596
杨戴/祝福__chunk002,蓝/铸剑__chunk002,cross,0.790758
杨戴/祝福__chunk002,蓝/阿Q正传__chunk001,cross,0.795068
杨戴/祝福__chunk002,蓝/阿Q正传__chunk002,cross,0.788858
杨戴/祝福__chunk002,蓝/阿Q正传__chunk003,cross,0.809449
杨戴/祝福__chunk002,蓝/阿Q正传__chunk004,cross,0.816523
杨戴/祝福__chunk002,蓝/风波__chunk001,cross,0.858480
杨戴/离婚__chunk001,杨戴/肥皂__chunk001,same,0.938535
杨戴/离婚__chunk001,杨戴/药__chunk001,same,0.918081
杨戴/离婚__chunk001,杨戴/铸剑__chunk001,same,0.921967
杨戴/离婚__chunk001,杨戴/铸剑__chunk002,same,0.856013
杨戴/离婚__chunk001,杨戴/阿Q正传__chunk001,same,0.843768
杨戴/离婚__chunk001,杨戴/阿Q正传__chunk002,same,0.846912
杨戴/离婚__chunk001,杨戴/阿Q正传__chunk003,same,0.856539
杨戴/离婚__chunk001,杨戴/阿Q正传__chunk004,same,0.854861
杨戴/离婚__chunk001,杨戴/风波__chunk001,same,0.930834
杨戴/离婚__chunk001,蓝/伤逝__chunk001,cross,0.843435
杨戴/离婚__chunk001,蓝/伤逝__chunk002,cross,0.826935
杨戴/离婚__chunk001,蓝/在酒楼上__chunk001,cross,0.889612
杨戴/离婚__chunk001,蓝/奔月__chunk001,cross,0.912923
杨戴/离婚__chunk001,蓝/孤独者__chunk001,cross,0.904390
杨戴/离婚__chunk001,蓝/孤独者__chunk002,cross,0.882856
杨戴/离婚__chunk001,蓝/幸福的家庭__chunk001,cross,0.870553
杨戴/离婚__chunk001,蓝/故乡__chunk001,cross,0.890126
杨戴/离婚__chunk001,蓝/明天__chunk001,cross,0.854356
杨戴/离婚__chunk001,蓝/狂人日记__chunk001,cross,0.874063
杨戴/离婚__chunk001,蓝/社戏__chunk001,cross,0.855530
杨戴/离婚__chunk001,蓝/祝福__chunk001,cross,0.880940
杨戴/离婚__chunk001,蓝/祝福__chunk002,cross,0.866786
杨戴/离婚__chunk001,蓝/离婚__chunk001,cross,0.915222
杨戴/离婚__chunk001,蓝/肥皂__chunk001,cross,0.907250
杨戴/离婚__chunk001,蓝/药__chunk001,cross,0.881506
杨戴/离婚__chunk001,蓝/铸剑__chunk001,cross,0.888939
杨戴/离婚__chunk001,蓝/铸剑__chunk002,cross,0.795071
杨戴/离婚__chunk001,蓝/阿Q正传__chunk001,cross,0.811948
杨戴/离婚__chunk001,蓝/阿Q正传__chunk002,cross,0.827281
杨戴/离婚__chunk001,蓝/阿Q正传__chunk003,cross,0.827001
杨戴/离婚__chunk001,蓝/阿Q正传__chunk004,cross,0.858756
杨戴/离婚__chunk001,蓝/风波__chunk001,cross,0.888772
杨戴/肥皂__chunk001,杨戴/药__chunk001,same,0.907217
杨戴/肥皂__chunk001,杨戴/铸剑__chunk001,same,0.906754
杨戴/肥皂__chunk001,杨戴/铸剑__chunk002,same,0.841864
杨戴/肥皂__chunk001,杨戴/阿Q正传__chunk001,same,0.833435
杨戴/肥皂__chunk001,杨戴/阿Q正传__chunk002,same,0.827096
杨戴/肥皂__chunk001,杨戴/阿Q正传__chunk003,same,0.839607
杨戴/肥皂__chunk001,杨戴/阿Q正传__chunk004,same,0.842222
杨戴/肥皂__chunk001,杨戴/风波__chunk001,same,0.921755
杨戴/肥皂__chunk001,蓝/伤逝__chunk001,cross,0.851983
杨戴/肥皂__chunk001,蓝/伤逝__chunk002,cross,0.823543
杨戴/肥皂__chunk001,蓝/在酒楼上__chunk001,cross,0.891460
杨戴/肥皂__chunk001,蓝/奔月__chunk001,cross,0.918735
杨戴/肥皂__chunk001,蓝/孤独者__chunk001,cross,0.891653
杨戴/肥皂__chunk001,蓝/孤独者__chunk002,cross,0.877216
杨戴/肥皂__chunk001,蓝/幸福的家庭__chunk001,cross,0.871858
杨戴/肥皂__chunk001,蓝/故乡__chunk001,cross,0.885524
杨戴/肥皂__chunk001,蓝/明天__chunk001,cross,0.866810
杨戴/肥皂__chunk001,蓝/狂人日记__chunk001,cross,0.870533
杨戴/肥皂__chunk001,蓝/社戏__chunk001,cross,0.862303
杨戴/肥皂__chunk001,蓝/祝福__chunk001,cross,0.887416
杨戴/肥皂__chunk001,蓝/祝福__chunk002,cross,0.877126
杨戴/肥皂__chunk001,蓝/离婚__chunk001,cross,0.906231
杨戴/肥皂__chunk001,蓝/肥皂__chunk001,cross,0.933014
杨戴/肥皂__chunk001,蓝/药__chunk001,cross,0.885368
杨戴/肥皂__chunk001,蓝/铸剑__chunk001,cross,0.883416
杨戴/肥皂__chunk001,蓝/铸剑__chunk002,cross,0.791579
杨戴/肥皂__chunk001,蓝/阿Q正传__chunk001,cross,0.813193
杨戴/肥皂__chunk001,蓝/阿Q正传__chunk002,cross,0.821122
杨戴/肥皂__chunk001,蓝/阿Q正传__chunk003,cross,0.821337
杨戴/肥皂__chunk001,蓝/阿Q正传__chunk004,cross,0.855127
杨戴/肥皂__chunk001,蓝/风波__chunk001,cross,0.892590
杨戴/药__chunk001,杨戴/铸剑__chunk001,same,0.929208
杨戴/药__chunk001,杨戴/铸剑__chunk002,same,0.900616
杨戴/药__chunk001,杨戴/阿Q正传__chunk001,same,0.824916
杨戴/药__chunk001,杨戴/阿Q正传__chunk002,same,0.848011
杨戴/药__chunk001,杨戴/阿Q正传__chunk003,same,0.838406
杨戴/药__chunk001,杨戴/阿Q正传__chunk004,same,0.853682
杨戴/药__chunk001,杨戴/风波__chunk001,same,0.914767
杨戴/药__chunk001,蓝/伤逝__chunk001,cross,0.854093
杨戴/药__chunk001,蓝/伤逝__chunk002,cross,0.832891
杨戴/药__chunk001,蓝/在酒楼上__chunk001,cross,0.852629
杨戴/药__chunk001,蓝/奔月__chunk001,cross,0.946207
杨戴/药__chunk001,蓝/孤独者__chunk001,cross,0.907814
杨戴/药__chunk001,蓝/孤独者__chunk002,cross,0.886942
杨戴/药__chunk001,蓝/幸福的家庭__chunk001,cross,0.904181
杨戴/药__chunk001,蓝/故乡__chunk001,cross,0.896227
杨戴/药__chunk001,蓝/明天__chunk001,cross,0.890023
杨戴/药__chunk001,蓝/狂人日记__chunk001,cross,0.863842
杨戴/药__chunk001,蓝/社戏__chunk001,cross,0.885055
杨戴/药__chunk001,蓝/祝福__chunk001,cross,0.881612
杨戴/药__chunk001,蓝/祝福__chunk002,cross,0.881031
杨戴/药__chunk001,蓝/离婚__chunk001,cross,0.925784
杨戴/药__chunk001,蓝/肥皂__chunk001,cross,0.917773
杨戴/药__chunk001,蓝/药__chunk001,cross,0.937643
杨戴/药__chunk001,蓝/铸剑__chunk001,cross,0.928643
杨戴/药__chunk001,蓝/铸剑__chunk002,cross,0.849204
杨戴/药__chunk001,蓝/阿Q正传__chunk001,cross,0.836636
杨戴/药__chunk001,蓝/阿Q正传__chunk002,cross,0.857283
杨戴/药__chunk001,蓝/阿Q正传__chunk003,cross,0.859613
杨戴/药__chunk001,蓝/阿Q正传__chunk004,cross,0.884726
杨戴/药__chunk001,蓝/风波__chunk001,cross,0.922392
杨戴/铸剑__chunk001,杨戴/铸剑__chunk002,same,0.932291
杨戴/铸剑__chunk001,杨戴/阿Q正传__chunk001,same,0.842131
杨戴/铸剑__chunk001,杨戴/阿Q正传__chunk002,same,0.854898
杨戴/铸剑__chunk001,杨戴/阿Q正传__chunk003,same,0.847808
杨戴/铸剑__chunk001,杨戴/阿Q正传__chunk004,same,0.859419
杨戴/铸剑__chunk001,杨戴/风波__chunk001,same,0.919925
杨戴/铸剑__chunk001,蓝/伤逝__chunk001,cross,0.836621
杨戴/铸剑__chunk001,蓝/伤逝__chunk002,cross,0.816889
杨戴/铸剑__chunk001,蓝/在酒楼上__chunk001,cross,0.861041
杨戴/铸剑__chunk001,蓝/奔月__chunk001,cross,0.945390
杨戴/铸剑__chunk001,蓝/孤独者__chunk001,cross,0.911050
杨戴/铸剑__chunk001,蓝/孤独者__chunk002,cross,0.880971
杨戴/铸剑__chunk001,蓝/幸福的家庭__chunk001,cross,0.888443
杨戴/铸剑__chunk001,蓝/故乡__chunk001,cross,0.889061
杨戴/铸剑__chunk001,蓝/明天__chunk001,cross,0.857815
杨戴/铸剑__chunk001,蓝/狂人日记__chunk001,cross,0.872748
杨戴/铸剑__chunk001,蓝/社戏__chunk001,cross,0.879677
杨戴/铸剑__chunk001,蓝/祝福__chunk001,cross,0.860844
杨戴/铸剑__chunk001,蓝/祝福__chunk002,cross,0.860794
杨戴/铸剑__chunk001,蓝/离婚__chunk001,cross,0.925348
杨戴/铸剑__chunk001,蓝/肥皂__chunk001,cross,0.910506
杨戴/铸剑__chunk001,蓝/药__chunk001,cross,0.921274
杨戴/铸剑__chunk001,蓝/铸剑__chunk001,cross,0.958013
杨戴/铸剑__chunk001,蓝/铸剑__chunk002,cross,0.879798
杨戴/铸剑__chunk001,蓝/阿Q正传__chunk001,cross,0.834862
杨戴/铸剑__chunk001,蓝/阿Q正传__chunk002,cross,0.849900
杨戴/铸剑__chunk001,蓝/阿Q正传__chunk003,cross,0.848811
杨戴/铸剑__chunk001,蓝/阿Q正传__chunk004,cross,0.890624
杨戴/铸剑__chunk001,蓝/风波__chunk001,cross,0.896714
杨戴/铸剑__chunk002,杨戴/阿Q正传__chunk001,same,0.800522
杨戴/铸剑__chunk002,杨戴/阿Q正传__chunk002,same,0.805837
杨戴/铸剑__chunk002,杨戴/阿Q正传__chunk003,same,0.813670
杨戴/铸剑__chunk002,杨戴/阿Q正传__chunk004,same,0.809774
杨戴/铸剑__chunk002,杨戴/风波__chunk001,same,0.871888
杨戴/铸剑__chunk002,蓝/伤逝__chunk001,cross,0.822987
杨戴/铸剑__chunk002,蓝/伤逝__chunk002,cross,0.814199
杨戴/铸剑__chunk002,蓝/在酒楼上__chunk001,cross,0.819006
杨戴/铸剑__chunk002,蓝/奔月__chunk001,cross,0.902689
杨戴/铸剑__chunk002,蓝/孤独者__chunk001,cross,0.857871
杨戴/铸剑__chunk002,蓝/孤独者__chunk002,cross,0.847385
杨戴/铸剑__chunk002,蓝/幸福的家庭__chunk001,cross,0.864930
杨戴/铸剑__chunk002,蓝/故乡__chunk001,cross,0.850745
杨戴/铸剑__chunk002,蓝/明天__chunk001,cross,0.863852
杨戴/铸剑__chunk002,蓝/狂人日记__chunk001,cross,0.833655
杨戴/铸剑__chunk002,蓝/社戏__chunk001,cross,0.882368
杨戴/铸剑__chunk002,蓝/祝福__chunk001,cross,0.839772
杨戴/铸剑__chunk002,蓝/祝福__chunk002,cross,0.825431
杨戴/铸剑__chunk002,蓝/离婚__chunk001,cross,0.896804
杨戴/铸剑__chunk002,蓝/肥皂__chunk001,cross,0.878170
杨戴/铸剑__chunk002,蓝/药__chunk001,cross,0.902455
杨戴/铸剑__chunk002,蓝/铸剑__chunk001,cross,0.937598
杨戴/铸剑__chunk002,蓝/铸剑__chunk002,cross,0.943665
杨戴/铸剑__chunk002,蓝/阿Q正传__chunk001,cross,0.825887
杨戴/铸剑__chunk002,蓝/阿Q正传__chunk002,cross,0.834281
杨戴/铸剑__chunk002,蓝/阿Q正传__chunk003,cross,0.839654
杨戴/铸剑__chunk002,蓝/阿Q正传__chunk004,cross,0.858489
杨戴/铸剑__chunk002,蓝/风波__chunk001,cross,0.883666
杨戴/阿Q正传__chunk001,杨戴/阿Q正传__chunk002,same,0.954798
杨戴/阿Q正传__chunk001,杨戴/阿Q正传__chunk003,same,0.968248
杨戴/阿Q正传__chunk001,杨戴/阿Q正传__chunk004,same,0.956572
杨戴/阿Q正传__chunk001,杨戴/风波__chunk001,same,0.842151
杨戴/阿Q正传__chunk001,蓝/伤逝__chunk001,cross,0.803832
杨戴/阿Q正传__chunk001,蓝/伤逝__chunk002,cross,0.775550
杨戴/阿Q正传__chunk001,蓝/在酒楼上__chunk001,cross,0.843382
杨戴/阿Q正传__chunk001,蓝/奔月__chunk001,cross,0.840772
杨戴/阿Q正传__chunk001,蓝/孤独者__chunk001,cross,0.855013
杨戴/阿Q正传__chunk001,蓝/孤独者__chunk002,cross,0.818149
杨戴/阿Q正传__chunk001,蓝/幸福的家庭__chunk001,cross,0.825302
杨戴/阿Q正传__chunk001,蓝/故乡__chunk001,cross,0.844801
杨戴/阿Q正传__chunk001,蓝/明天__chunk001,cross,0.814699
杨戴/阿Q正传__chunk001,蓝/狂人日记__chunk001,cross,0.797807
杨戴/阿Q正传__chunk001,蓝/社戏__chunk001,cross,0.836659
杨戴/阿Q正传__chunk001,蓝/祝福__chunk001,cross,0.821141
杨戴/阿Q正传__chunk001,蓝/祝福__chunk002,cross,0.806046
杨戴/阿Q正传__chunk001,蓝/离婚__chunk001,cross,0.833936
杨戴/阿Q正传__chunk001,蓝/肥皂__chunk001,cross,0.828583
杨戴/阿Q正传__chunk001,蓝/药__chunk001,cross,0.815000
杨戴/阿Q正传__chunk001,蓝/铸剑__chunk001,cross,0.849096
杨戴/阿Q正传__chunk001,蓝/铸剑__chunk002,cross,0.800629
杨戴/阿Q正传__chunk001,蓝/阿Q正传__chunk001,cross,0.940968
杨戴/阿Q正传__chunk001,蓝/阿Q正传__chunk002,cross,0.928249
杨戴/阿Q正传__chunk001,蓝/阿Q正传__chunk003,cross,0.942438
杨戴/阿Q正传__chunk001,蓝/阿Q正传__chunk004,cross,0.932087
杨戴/阿Q正传__chunk001,蓝/风波__chunk001,cross,0.833512
杨戴/阿Q正传__chunk002,杨戴/阿Q正传__chunk003,same,0.959902
杨戴/阿Q正传__chunk002,杨戴/阿Q正传__chunk004,same,0.957656
杨戴/阿Q正传__chunk002,杨戴/风波__chunk001,same,0.854693
杨戴/阿Q正传__chunk002,蓝/伤逝__chunk001,cross,0.804166
杨戴/阿Q正传__chunk002,蓝/伤逝__chunk002,cross,0.774576
杨戴/阿Q正传__chunk002,蓝/在酒楼上__chunk001,cross,0.821750
杨戴/阿Q正传__chunk002,蓝/奔月__chunk001,cross,0.847949
杨戴/阿Q正传__chunk002,蓝/孤独者__chunk001,cross,0.870037
杨戴/阿Q正传__chunk002,蓝/孤独者__chunk002,cross,0.827168
杨戴/阿Q正传__chunk002,蓝/幸福的家庭__chunk001,cross,0.830276
杨戴/阿Q正传__chunk002,蓝/故乡__chunk001,cross,0.853933
杨戴/阿Q正传__chunk002,蓝/明天__chunk001,cross,0.826947
杨戴/阿Q正传__chunk002,蓝/狂人日记__chunk001,cross,0.799248
杨戴/阿Q正传__chunk002,蓝/社戏__chunk001,cross,0.827555
杨戴/阿Q正传__chunk002,蓝/祝福__chunk001,cross,0.827190
杨戴/阿Q正传__chunk002,蓝/祝福__chunk002,cross,0.826871
杨戴/阿Q正传__chunk002,蓝/离婚__chunk001,cross,0.839349
杨戴/阿Q正传__chunk002,蓝/肥皂__chunk001,cross,0.829861
杨戴/阿Q正传__chunk002,蓝/药__chunk001,cross,0.822245
杨戴/阿Q正传__chunk002,蓝/铸剑__chunk001,cross,0.853039
杨戴/阿Q正传__chunk002,蓝/铸剑__chunk002,cross,0.793613
杨戴/阿Q正传__chunk002,蓝/阿Q正传__chunk001,cross,0.930024
杨戴/阿Q正传__chunk002,蓝/阿Q正传__chunk002,cross,0.948440
杨戴/阿Q正传__chunk002,蓝/阿Q正传__chunk003,cross,0.941998
杨戴/阿Q正传__chunk002,蓝/阿Q正传__chunk004,cross,0.949148
杨戴/阿Q正传__chunk002,蓝/风波__chunk001,cross,0.844981
杨戴/阿Q正传__chunk003,杨戴/阿Q正传__chunk004,same,0.977005
杨戴/阿Q正传__chunk003,杨戴/风波__chunk001,same,0.869743
杨戴/阿Q正传__chunk003,蓝/伤逝__chunk001,cross,0.808919
杨戴/阿Q正传__chunk003,蓝/伤逝__chunk002,cross,0.780334
杨戴/阿Q正传__chunk003,蓝/在酒楼上__chunk001,cross,0.846076
杨戴/阿Q正传__chunk003,蓝/奔月__chunk001,cross,0.849534
杨戴/阿Q正传__chunk003,蓝/孤独者__chunk001,cross,0.860807
杨戴/阿Q正传__chunk003,蓝/孤独者__chunk002,cross,0.823400
杨戴/阿Q正传__chunk003,蓝/幸福的家庭__chunk001,cross,0.824873
杨戴/阿Q正传__chunk003,蓝/故乡__chunk001,cross,0.854174
杨戴/阿Q正传__chunk003,蓝/明天__chunk001,cross,0.826760
杨戴/阿Q正传__chunk003,蓝/狂人日记__chunk001,cross,0.802714
杨戴/阿Q正传__chunk003,蓝/社戏__chunk001,cross,0.844867
杨戴/阿Q正传__chunk003,蓝/祝福__chunk001,cross,0.830240
杨戴/阿Q正传__chunk003,蓝/祝福__chunk002,cross,0.812517
杨戴/阿Q正传__chunk003,蓝/离婚__chunk001,cross,0.844136
杨戴/阿Q正传__chunk003,蓝/肥皂__chunk001,cross,0.833739
杨戴/阿Q正传__chunk003,蓝/药__chunk001,cross,0.825464
杨戴/阿Q正传__chunk003,蓝/铸剑__chunk001,cross,0.846103
杨戴/阿Q正传__chunk003,蓝/铸剑__chunk002,cross,0.810139
杨戴/阿Q正传__chunk003,蓝/阿Q正传__chunk001,cross,0.927485
杨戴/阿Q正传__chunk003,蓝/阿Q正传__chunk002,cross,0.931790
杨戴/阿Q正传__chunk003,蓝/阿Q正传__chunk003,cross,0.947719
杨戴/阿Q正传__chunk003,蓝/阿Q正传__chunk004,cross,0.938710
杨戴/阿Q正传__chunk003,蓝/风波__chunk001,cross,0.839342
杨戴/阿Q正传__chunk004,杨戴/风波__chunk001,same,0.875369
杨戴/阿Q正传__chunk004,蓝/伤逝__chunk001,cross,0.802568
杨戴/阿Q正传__chunk004,蓝/伤逝__chunk002,cross,0.767661
杨戴/阿Q正传__chunk004,蓝/在酒楼上__chunk001,cross,0.836017
杨戴/阿Q正传__chunk004,蓝/奔月__chunk001,cross,0.846739
杨戴/阿Q正传__chunk004,蓝/孤独者__chunk001,cross,0.858975
杨戴/阿Q正传__chunk004,蓝/孤独者__chunk002,cross,0.823253
杨戴/阿Q正传__chunk004,蓝/幸福的家庭__chunk001,cross,0.826266
杨戴/阿Q正传__chunk004,蓝/故乡__chunk001,cross,0.849453
杨戴/阿Q正传__chunk004,蓝/明天__chunk001,cross,0.821025
杨戴/阿Q正传__chunk004,蓝/狂人日记__chunk001,cross,0.796637
杨戴/阿Q正传__chunk004,蓝/社戏__chunk001,cross,0.838250
杨戴/阿Q正传__chunk004,蓝/祝福__chunk001,cross,0.826805
杨戴/阿Q正传__chunk004,蓝/祝福__chunk002,cross,0.821022
杨戴/阿Q正传__chunk004,蓝/离婚__chunk001,cross,0.835662
杨戴/阿Q正传__chunk004,蓝/肥皂__chunk001,cross,0.824489
杨戴/阿Q正传__chunk004,蓝/药__chunk001,cross,0.823737
杨戴/阿Q正传__chunk004,蓝/铸剑__chunk001,cross,0.849900
杨戴/阿Q正传__chunk004,蓝/铸剑__chunk002,cross,0.804390
杨戴/阿Q正传__chunk004,蓝/阿Q正传__chunk001,cross,0.917843
杨戴/阿Q正传__chunk004,蓝/阿Q正传__chunk002,cross,0.924928
杨戴/阿Q正传__chunk004,蓝/阿Q正传__chunk003,cross,0.935849
杨戴/阿Q正传__chunk004,蓝/阿Q正传__chunk004,cross,0.937087
杨戴/阿Q正传__chunk004,蓝/风波__chunk001,cross,0.846850
杨戴/风波__chunk001,蓝/伤逝__chunk001,cross,0.852623
杨戴/风波__chunk001,蓝/伤逝__chunk002,cross,0.822923
杨戴/风波__chunk001,蓝/在酒楼上__chunk001,cross,0.877596
杨戴/风波__chunk001,蓝/奔月__chunk001,cross,0.916628
杨戴/风波__chunk001,蓝/孤独者__chunk001,cross,0.907126
杨戴/风波__chunk001,蓝/孤独者__chunk002,cross,0.882010
杨戴/风波__chunk001,蓝/幸福的家庭__chunk001,cross,0.893213
杨戴/风波__chunk001,蓝/故乡__chunk001,cross,0.893426
杨戴/风波__chunk001,蓝/明天__chunk001,cross,0.890675
杨戴/风波__chunk001,蓝/狂人日记__chunk001,cross,0.856604
杨戴/风波__chunk001,蓝/社戏__chunk001,cross,0.881899
杨戴/风波__chunk001,蓝/祝福__chunk001,cross,0.883715
杨戴/风波__chunk001,蓝/祝福__chunk002,cross,0.877263
杨戴/风波__chunk001,蓝/离婚__chunk001,cross,0.917485
杨戴/风波__chunk001,蓝/肥皂__chunk001,cross,0.901212
杨戴/风波__chunk001,蓝/药__chunk001,cross,0.898902
杨戴/风波__chunk001,蓝/铸剑__chunk001,cross,0.901031
杨戴/风波__chunk001,蓝/铸剑__chunk002,cross,0.832841
杨戴/风波__chunk001,蓝/阿Q正传__chunk001,cross,0.824166
杨戴/风波__chunk001,蓝/阿Q正传__chunk002,cross,0.840812
杨戴/风波__chunk001,蓝/阿Q正传__chunk003,cross,0.841310
杨戴/风波__chunk001,蓝/阿Q正传__chunk004,cross,0.879013
杨戴/风波__chunk001,蓝/风波__chunk001,cross,0.914293
蓝/伤逝__chunk001,蓝/伤逝__chunk002,same,0.941622
蓝/伤逝__chunk001,蓝/在酒楼上__chunk001,same,0.927487
蓝/伤逝__chunk001,蓝/奔月__chunk001,same,0.877186
蓝/伤逝__chunk001,蓝/孤独者__chunk001,same,0.910123
蓝/伤逝__chunk001,蓝/孤独者__chunk002,same,0.930049
蓝/伤逝__chunk001,蓝/幸福的家庭__chunk001,same,0.841452
蓝/伤逝__chunk001,蓝/故乡__chunk001,same,0.930174
蓝/伤逝__chunk001,蓝/明天__chunk001,same,0.881105
蓝/伤逝__chunk001,蓝/狂人日记__chunk001,same,0.889356
蓝/伤逝__chunk001,蓝/社戏__chunk001,same,0.924592
蓝/伤逝__chunk001,蓝/祝福__chunk001,same,0.923268
蓝/伤逝__chunk001,蓝/祝福__chunk002,same,0.899722
蓝/伤逝__chunk001,蓝/离婚__chunk001,same,0.886087
蓝/伤逝__chunk001,蓝/肥皂__chunk001,same,0.881904
蓝/伤逝__chunk001,蓝/药__chunk001,same,0.844026
蓝/伤逝__chunk001,蓝/铸剑__chunk001,same,0.859608
蓝/伤逝__chunk001,蓝/铸剑__chunk002,same,0.824739
蓝/伤逝__chunk001,蓝/阿Q正传__chunk001,same,0.811974
蓝/伤逝__chunk001,蓝/阿Q正传__chunk002,same,0.815599
蓝/伤逝__chunk001,蓝/阿Q正传__chunk003,same,0.831587
蓝/伤逝__chunk001,蓝/阿Q正传__chunk004,same,0.847555
蓝/伤逝__chunk001,蓝/风波__chunk001,same,0.867407
蓝/伤逝__chunk002,蓝/在酒楼上__chunk001,same,0.910035
蓝/伤逝__chunk002,蓝/奔月__chunk001,same,0.864317
蓝/伤逝__chunk002,蓝/孤独者__chunk001,same,0.899613
蓝/伤逝__chunk002,蓝/孤独者__chunk002,same,0.924813
蓝/伤逝__chunk002,蓝/幸福的家庭__chunk001,same,0.856894
蓝/伤逝__chunk002,蓝/故乡__chunk001,same,0.923224
蓝/伤逝__chunk002,蓝/明天__chunk001,same,0.876793
蓝/伤逝__chunk002,蓝/狂人日记__chunk001,same,0.904739
蓝/伤逝__chunk002,蓝/社戏__chunk001,same,0.903976
蓝/伤逝__chunk002,蓝/祝福__chunk001,same,0.909586
蓝/伤逝__chunk002,蓝/祝福__chunk002,same,0.875599
蓝/伤逝__chunk002,蓝/离婚__chunk001,same,0.876779
蓝/伤逝__chunk002,蓝/肥皂__chunk001,same,0.875390
蓝/伤逝__chunk002,蓝/药__chunk001,same,0.855710
蓝/伤逝__chunk002,蓝/铸剑__chunk001,same,0.851333
蓝/伤逝__chunk002,蓝/铸剑__chunk002,same,0.821697
蓝/伤逝__chunk002,蓝/阿Q正传__chunk001,same,0.806787
蓝/伤逝__chunk002,蓝/阿Q正传__chunk002,same,0.812341
蓝/伤逝__chunk002,蓝/阿Q正传__chunk003,same,0.815631
蓝/伤逝__chunk002,蓝/阿Q正传__chunk004,same,0.822554
蓝/伤逝__chunk002,蓝/风波__chunk001,same,0.860923
蓝/在酒楼上__chunk001,蓝/奔月__chunk001,same,0.882337
蓝/在酒楼上__chunk001,蓝/孤独者__chunk001,same,0.931642
蓝/在酒楼上__chunk001,蓝/孤独者__chunk002,same,0.937293
蓝/在酒楼上__chunk001,蓝/幸福的家庭__chunk001,same,0.852570
蓝/在酒楼上__chunk001,蓝/故乡__chunk001,same,0.934253
蓝/在酒楼上__chunk001,蓝/明天__chunk001,same,0.861649
蓝/在酒楼上__chunk001,蓝/狂人日记__chunk001,same,0.902026
蓝/在酒楼上__chunk001,蓝/社戏__chunk001,same,0.908266
蓝/在酒楼上__chunk001,蓝/祝福__chunk001,same,0.917133
蓝/在酒楼上__chunk001,蓝/祝福__chunk002,same,0.893348
蓝/在酒楼上__chunk001,蓝/离婚__chunk001,same,0.890453
蓝/在酒楼上__chunk001,蓝/肥皂__chunk001,same,0.902975
蓝/在酒楼上__chunk001,蓝/药__chunk001,same,0.847554
蓝/在酒楼上__chunk001,蓝/铸剑__chunk001,same,0.869457
蓝/在酒楼上__chunk001,蓝/铸剑__chunk002,same,0.805641
蓝/在酒楼上__chunk001,蓝/阿Q正传__chunk001,same,0.814812
蓝/在酒楼上__chunk001,蓝/阿Q正传__chunk002,same,0.814605
蓝/在酒楼上__chunk001,蓝/阿Q正传__chunk003,same,0.826264
蓝/在酒楼上__chunk001,蓝/阿Q正传__chunk004,same,0.852353
蓝/在酒楼上__chunk001,蓝/风波__chunk001,same,0.856877
蓝/奔月__chunk001,蓝/孤独者__chunk001,same,0.934403
蓝/奔月__chunk001,蓝/孤独者__chunk002,same,0.918621
蓝/奔月__chunk001,蓝/幸福的家庭__chunk001,same,0.917774
蓝/奔月__chunk001,蓝/故乡__chunk001,same,0.927083
蓝/奔月__chunk001,蓝/明天__chunk001,same,0.903152
蓝/奔月__chunk001,蓝/狂人日记__chunk001,same,0.901748
蓝/奔月__chunk001,蓝/社戏__chunk001,same,0.912025
蓝/奔月__chunk001,蓝/祝福__chunk001,same,0.894373
蓝/奔月__chunk001,蓝/祝福__chunk002,same,0.879541
蓝/奔月__chunk001,蓝/离婚__chunk001,same,0.953631
蓝/奔月__chunk001,蓝/肥皂__chunk001,same,0.950590
蓝/奔月__chunk001,蓝/药__chunk001,same,0.942537
蓝/奔月__chunk001,蓝/铸剑__chunk001,same,0.958662
蓝/奔月__chunk001,蓝/铸剑__chunk002,same,0.864614
蓝/奔月__chunk001,蓝/阿Q正传__chunk001,same,0.856754
蓝/奔月__chunk001,蓝/阿Q正传__chunk002,same,0.871994
蓝/奔月__chunk001,蓝/阿Q正传__chunk003,same,0.876225
蓝/奔月__chunk001,蓝/阿Q正传__chunk004,same,0.906888
蓝/奔月__chunk001,蓝/风波__chunk001,same,0.926621
蓝/孤独者__chunk001,蓝/孤独者__chunk002,same,0.958137
蓝/孤独者__chunk001,蓝/幸福的家庭__chunk001,same,0.900240
蓝/孤独者__chunk001,蓝/故乡__chunk001,same,0.960677
蓝/孤独者__chunk001,蓝/明天__chunk001,same,0.885213
蓝/孤独者__chunk001,蓝/狂人日记__chunk001,same,0.928335
蓝/孤独者__chunk001,蓝/社戏__chunk001,same,0.916781
蓝/孤独者__chunk001,蓝/祝福__chunk001,same,0.914398
蓝/孤独者__chunk001,蓝/祝福__chunk002,same,0.903863
蓝/孤独者__chunk001,蓝/离婚__chunk001,same,0.930856
蓝/孤独者__chunk001,蓝/肥皂__chunk001,same,0.929266
蓝/孤独者__chunk001,蓝/药__chunk001,same,0.895338
蓝/孤独者__chunk001,蓝/铸剑__chunk001,same,0.928643
蓝/孤独者__chunk001,蓝/铸剑__chunk002,same,0.832259
蓝/孤独者__chunk001,蓝/阿Q正传__chunk001,same,0.861497
蓝/孤独者__chunk001,蓝/阿Q正传__chunk002,same,0.870979
蓝/孤独者__chunk001,蓝/阿Q正传__chunk003,same,0.871258
蓝/孤独者__chunk001,蓝/阿Q正传__chunk004,same,0.909157
蓝/孤独者__chunk001,蓝/风波__chunk001,same,0.911423
蓝/孤独者__chunk002,蓝/幸福的家庭__chunk001,same,0.880955
蓝/孤独者__chunk002,蓝/故乡__chunk001,same,0.955487
蓝/孤独者__chunk002,蓝/明天__chunk001,same,0.873213
蓝/孤独者__chunk002,蓝/狂人日记__chunk001,same,0.933240
蓝/孤独者__chunk002,蓝/社戏__chunk001,same,0.924773
蓝/孤独者__chunk002,蓝/祝福__chunk001,same,0.909747
蓝/孤独者__chunk002,蓝/祝福__chunk002,same,0.892880
蓝/孤独者__chunk002,蓝/离婚__chunk001,same,0.922046
蓝/孤独者__chunk002,蓝/肥皂__chunk001,same,0.919664
蓝/孤独者__chunk002,蓝/药__chunk001,same,0.873744
蓝/孤独者__chunk002,蓝/铸剑__chunk001,same,0.899066
蓝/孤独者__chunk002,蓝/铸剑__chunk002,same,0.820532
蓝/孤独者__chunk002,蓝/阿Q正传__chunk001,same,0.838507
蓝/孤独者__chunk002,蓝/阿Q正传__chunk002,same,0.847682
蓝/孤独者__chunk002,蓝/阿Q正传__chunk003,same,0.848519
蓝/孤独者__chunk002,蓝/阿Q正传__chunk004,same,0.880256
蓝/孤独者__chunk002,蓝/风波__chunk001,same,0.883301
蓝/幸福的家庭__chunk001,蓝/故乡__chunk001,same,0.900862
蓝/幸福的家庭__chunk001,蓝/明天__chunk001,same,0.904870
蓝/幸福的家庭__chunk001,蓝/狂人日记__chunk001,same,0.857137
蓝/幸福的家庭__chunk001,蓝/社戏__chunk001,same,0.878867
蓝/幸福的家庭__chunk001,蓝/祝福__chunk001,same,0.863205
蓝/幸福的家庭__chunk001,蓝/祝福__chunk002,same,0.829432
蓝/幸福的家庭__chunk001,蓝/离婚__chunk001,same,0.930923
蓝/幸福的家庭__chunk001,蓝/肥皂__chunk001,same,0.919636
蓝/幸福的家庭__chunk001,蓝/药__chunk001,same,0.929945
蓝/幸福的家庭__chunk001,蓝/铸剑__chunk001,same,0.915494
蓝/幸福的家庭__chunk001,蓝/铸剑__chunk002,same,0.858379
蓝/幸福的家庭__chunk001,蓝/阿Q正传__chunk001,same,0.864188
蓝/幸福的家庭__chunk001,蓝/阿Q正传__chunk002,same,0.875891
蓝/幸福的家庭__chunk001,蓝/阿Q正传__chunk003,same,0.859254
蓝/幸福的家庭__chunk001,蓝/阿Q正传__chunk004,same,0.883873
蓝/幸福的家庭__chunk001,蓝/风波__chunk001,same,0.924274
蓝/故乡__chunk001,蓝/明天__chunk001,same,0.898957
蓝/故乡__chunk001,蓝/狂人日记__chunk001,same,0.922961
蓝/故乡__chunk001,蓝/社戏__chunk001,same,0.940494
蓝/故乡__chunk001,蓝/祝福__chunk001,same,0.930738
蓝/故乡__chunk001,蓝/祝福__chunk002,same,0.886419
蓝/故乡__chunk001,蓝/离婚__chunk001,same,0.928374
蓝/故乡__chunk001,蓝/肥皂__chunk001,same,0.936675
蓝/故乡__chunk001,蓝/药__chunk001,same,0.882704
蓝/故乡__chunk001,蓝/铸剑__chunk001,same,0.909432
蓝/故乡__chunk001,蓝/铸剑__chunk002,same,0.845029
蓝/故乡__chunk001,蓝/阿Q正传__chunk001,same,0.861498
蓝/故乡__chunk001,蓝/阿Q正传__chunk002,same,0.870267
蓝/故乡__chunk001,蓝/阿Q正传__chunk003,same,0.873664
蓝/故乡__chunk001,蓝/阿Q正传__chunk004,same,0.907969
蓝/故乡__chunk001,蓝/风波__chunk001,same,0.909031
蓝/明天__chunk001,蓝/狂人日记__chunk001,same,0.827441
蓝/明天__chunk001,蓝/社戏__chunk001,same,0.910162
蓝/明天__chunk001,蓝/祝福__chunk001,same,0.924455
蓝/明天__chunk001,蓝/祝福__chunk002,same,0.886867
蓝/明天__chunk001,蓝/离婚__chunk001,same,0.903244
蓝/明天__chunk001,蓝/肥皂__chunk001,same,0.905874
蓝/明天__chunk001,蓝/药__chunk001,same,0.914729
蓝/明天__chunk001,蓝/铸剑__chunk001,same,0.888633
蓝/明天__chunk001,蓝/铸剑__chunk002,same,0.885367
蓝/明天__chunk001,蓝/阿Q正传__chunk001,same,0.862792
蓝/明天__chunk001,蓝/阿Q正传__chunk002,same,0.877715
蓝/明天__chunk001,蓝/阿Q正传__chunk003,same,0.860678
蓝/明天__chunk001,蓝/阿Q正传__chunk004,same,0.880160
蓝/明天__chunk001,蓝/风波__chunk001,same,0.929140
蓝/狂人日记__chunk001,蓝/社戏__chunk001,same,0.899272
蓝/狂人日记__chunk001,蓝/祝福__chunk001,same,0.877472
蓝/狂人日记__chunk001,蓝/祝福__chunk002,same,0.851776
蓝/狂人日记__chunk001,蓝/离婚__chunk001,same,0.904212
蓝/狂人日记__chunk001,蓝/肥皂__chunk001,same,0.903678
蓝/狂人日记__chunk001,蓝/药__chunk001,same,0.863657
蓝/狂人日记__chunk001,蓝/铸剑__chunk001,same,0.877670
蓝/狂人日记__chunk001,蓝/铸剑__chunk002,same,0.794437
蓝/狂人日记__chunk001,蓝/阿Q正传__chunk001,same,0.806889
蓝/狂人日记__chunk001,蓝/阿Q正传__chunk002,same,0.803405
蓝/狂人日记__chunk001,蓝/阿Q正传__chunk003,same,0.817452
蓝/狂人日记__chunk001,蓝/阿Q正传__chunk004,same,0.846289
蓝/狂人日记__chunk001,蓝/风波__chunk001,same,0.848444
蓝/社戏__chunk001,蓝/祝福__chunk001,same,0.920837
蓝/社戏__chunk001,蓝/祝福__chunk002,same,0.865461
蓝/社戏__chunk001,蓝/离婚__chunk001,same,0.905881
蓝/社戏__chunk001,蓝/肥皂__chunk001,same,0.915902
蓝/社戏__chunk001,蓝/药__chunk001,same,0.894705
蓝/社戏__chunk001,蓝/铸剑__chunk001,same,0.902731
蓝/社戏__chunk001,蓝/铸剑__chunk002,same,0.889950
蓝/社戏__chunk001,蓝/阿Q正传__chunk001,same,0.871016
蓝/社戏__chunk001,蓝/阿Q正传__chunk002,same,0.865304
蓝/社戏__chunk001,蓝/阿Q正传__chunk003,same,0.881768
蓝/社戏__chunk001,蓝/阿Q正传__chunk004,same,0.893225
蓝/社戏__chunk001,蓝/风波__chunk001,same,0.912504
蓝/祝福__chunk001,蓝/祝福__chunk002,same,0.934941
蓝/祝福__chunk001,蓝/离婚__chunk001,same,0.902792
蓝/祝福__chunk001,蓝/肥皂__chunk001,same,0.920484
蓝/祝福__chunk001,蓝/药__chunk001,same,0.874792
蓝/祝福__chunk001,蓝/铸剑__chunk001,same,0.875184
蓝/祝福__chunk001,蓝/铸剑__chunk002,same,0.840199
蓝/祝福__chunk001,蓝/阿Q正传__chunk001,same,0.832938
蓝/祝福__chunk001,蓝/阿Q正传__chunk002,same,0.840961
蓝/祝福__chunk001,蓝/阿Q正传__chunk003,same,0.855865
蓝/祝福__chunk001,蓝/阿Q正传__chunk004,same,0.881662
蓝/祝福__chunk001,蓝/风波__chunk001,same,0.907221
蓝/祝福__chunk002,蓝/离婚__chunk001,same,0.882491
蓝/祝福__chunk002,蓝/肥皂__chunk001,same,0.882507
蓝/祝福__chunk002,蓝/药__chunk001,same,0.855921
蓝/祝福__chunk002,蓝/铸剑__chunk001,same,0.866538
蓝/祝福__chunk002,蓝/铸剑__chunk002,same,0.805335
蓝/祝福__chunk002,蓝/阿Q正传__chunk001,same,0.795086
蓝/祝福__chunk002,蓝/阿Q正传__chunk002,same,0.811373
蓝/祝福__chunk002,蓝/阿Q正传__chunk003,same,0.821875
蓝/祝福__chunk002,蓝/阿Q正传__chunk004,same,0.844443
蓝/祝福__chunk002,蓝/风波__chunk001,same,0.877772
蓝/离婚__chunk001,蓝/肥皂__chunk001,same,0.947438
蓝/离婚__chunk001,蓝/药__chunk001,same,0.934617
蓝/离婚__chunk001,蓝/铸剑__chunk001,same,0.940753
蓝/离婚__chunk001,蓝/铸剑__chunk002,same,0.851848
蓝/离婚__chunk001,蓝/阿Q正传__chunk001,same,0.853298
蓝/离婚__chunk001,蓝/阿Q正传__chunk002,same,0.865381
蓝/离婚__chunk001,蓝/阿Q正传__chunk003,same,0.868028
蓝/离婚__chunk001,蓝/阿Q正传__chunk004,same,0.894612
蓝/离婚__chunk001,蓝/风波__chunk001,same,0.908733
蓝/肥皂__chunk001,蓝/药__chunk001,same,0.926089
蓝/肥皂__chunk001,蓝/铸剑__chunk001,same,0.928448
蓝/肥皂__chunk001,蓝/铸剑__chunk002,same,0.843871
蓝/肥皂__chunk001,蓝/阿Q正传__chunk001,same,0.852969
蓝/肥皂__chunk001,蓝/阿Q正传__chunk002,same,0.861731
蓝/肥皂__chunk001,蓝/阿Q正传__chunk003,same,0.866767
蓝/肥皂__chunk001,蓝/阿Q正传__chunk004,same,0.891956
蓝/肥皂__chunk001,蓝/风波__chunk001,same,0.921882
蓝/药__chunk001,蓝/铸剑__chunk001,same,0.939446
蓝/药__chunk001,蓝/铸剑__chunk002,same,0.893054
蓝/药__chunk001,蓝/阿Q正传__chunk001,same,0.852898
蓝/药__chunk001,蓝/阿Q正传__chunk002,same,0.871931
蓝/药__chunk001,蓝/阿Q正传__chunk003,same,0.863444
蓝/药__chunk001,蓝/阿Q正传__chunk004,same,0.883507
蓝/药__chunk001,蓝/风波__chunk001,same,0.927792
蓝/铸剑__chunk001,蓝/铸剑__chunk002,same,0.904097
蓝/铸剑__chunk001,蓝/阿Q正传__chunk001,same,0.867779
蓝/铸剑__chunk001,蓝/阿Q正传__chunk002,same,0.878297
蓝/铸剑__chunk001,蓝/阿Q正传__chunk003,same,0.880569
蓝/铸剑__chunk001,蓝/阿Q正传__chunk004,same,0.906586
蓝/铸剑__chunk001,蓝/风波__chunk001,same,0.925966
蓝/铸剑__chunk002,蓝/阿Q正传__chunk001,same,0.838414
蓝/铸剑__chunk002,蓝/阿Q正传__chunk002,same,0.846423
蓝/铸剑__chunk002,蓝/阿Q正传__chunk003,same,0.846046
蓝/铸剑__chunk002,蓝/阿Q正传__chunk004,same,0.859460
蓝/铸剑__chunk002,蓝/风波__chunk001,same,0.881128
蓝/阿Q正传__chunk001,蓝/阿Q正传__chunk002,same,0.974618
蓝/阿Q正传__chunk001,蓝/阿Q正传__chunk003,same,0.964461
蓝/阿Q正传__chunk001,蓝/阿Q正传__chunk004,same,0.951186
蓝/阿Q正传__chunk001,蓝/风波__chunk001,same,0.873414
蓝/阿Q正传__chunk002,蓝/阿Q正传__chunk003,same,0.968974
蓝/阿Q正传__chunk002,蓝/阿Q正传__chunk004,same,0.964891
蓝/阿Q正传__chunk002,蓝/风波__chunk001,same,0.888731
蓝/阿Q正传__chunk003,蓝/阿Q正传__chunk004,same,0.962689
蓝/阿Q正传__chunk003,蓝/风波__chunk001,same,0.882819
蓝/阿Q正传__chunk004,蓝/风波__chunk001,same,0.901629
