,杨戴/伤逝__chunk001,杨戴/伤逝__chunk002,杨戴/伤逝__chunk003,杨戴/伤逝__chunk004,杨戴/在酒楼上__chunk001,杨戴/在酒楼上__chunk002,杨戴/奔月__chunk001,杨戴/奔月__chunk002,杨戴/孤独者__chunk001,杨戴/孤独者__chunk002,杨戴/孤独者__chunk003,杨戴/孤独者__chunk004,杨戴/幸福的家庭__chunk001,杨戴/故乡__chunk001,杨戴/故乡__chunk002,杨戴/明天__chunk001,杨戴/狂人日记__chunk001,杨戴/狂人日记__chunk002,杨戴/社戏__chunk001,杨戴/社戏__chunk002,杨戴/祝福__chunk001,杨戴/祝福__chunk002,杨戴/祝福__chunk003,杨戴/祝福__chunk004,杨戴/离婚__chunk001,杨戴/离婚__chunk002,杨戴/肥皂__chunk001,杨戴/肥皂__chunk002,杨戴/药__chunk001,杨戴/药__chunk002,杨戴/铸剑__chunk001,杨戴/铸剑__chunk002,杨戴/铸剑__chunk003,杨戴/阿Q正传__chunk001,杨戴/阿Q正传__chunk002,杨戴/阿Q正传__chunk003,杨戴/阿Q正传__chunk004,杨戴/阿Q正传__chunk005,杨戴/阿Q正传__chunk006,杨戴/阿Q正传__chunk007,杨戴/阿Q正传__chunk008,杨戴/阿Q正传__chunk009,杨戴/风波__chunk001,杨戴/风波__chunk002,蓝/伤逝__chunk001,蓝/伤逝__chunk002,蓝/伤逝__chunk003,蓝/在酒楼上__chunk001,蓝/在酒楼上__chunk002,蓝/奔月__chunk001,蓝/奔月__chunk002,蓝/孤独者__chunk001,蓝/孤独者__chunk002,蓝/孤独者__chunk003,蓝/孤独者__chunk004,蓝/幸福的家庭__chunk001,蓝/故乡__chunk001,蓝/故乡__chunk002,蓝/明天__chunk001,蓝/狂人日记__chunk001,蓝/狂人日记__chunk002,蓝/社戏__chunk001,蓝/社戏__chunk002,蓝/祝福__chunk001,蓝/祝福__chunk002,蓝/祝福__chunk003,蓝/离婚__chunk001,蓝/离婚__chunk002,蓝/肥皂__chunk001,蓝/肥皂__chunk002,蓝/药__chunk001,蓝/铸剑__chunk001,蓝/铸剑__chunk002,蓝/铸剑__chunk003,蓝/阿Q正传__chunk001,蓝/阿Q正传__chunk002,蓝/阿Q正传__chunk003,蓝/阿Q正传__chunk004,蓝/阿Q正传__chunk005,蓝/阿Q正传__chunk006,蓝/阿Q正传__chunk007,蓝/阿Q正传__chunk008,蓝/风波__chunk001
杨戴/伤逝__chunk001,0.000000,0.906682,0.884961,1.009616,0.920438,0.977554,1.037476,1.160055,0.978182,1.015642,1.137504,1.041679,1.338641,1.010991,1.277751,0.972854,1.170359,1.415086,0.983696,0.980902,0.943324,1.080464,1.135564,1.042054,1.042076,1.001352,1.037427,0.988322,1.132189,1.140792,1.127471,1.175641,1.195433,1.271324,1.054002,1.106904,1.190076,1.088279,1.170417,1.203544,1.179801,1.329327,1.117276,1.257306,0.854004,0.992666,1.031026,1.004832,1.094133,1.124861,1.241278,1.156465,1.080526,1.215229,1.149683,1.295440,1.058903,1.128582,1.153242,1.206730,1.216424,1.054551,1.241428,1.021595,1.108491,1.247114,1.237286,1.278723,1.198743,1.275642,1.338540,1.271521,1.226871,1.348283,1.128381,1.230620,1.201943,1.308779,1.128546,1.143138,1.216913,1.229084,1.161357
杨戴/伤逝__chunk002,0.906682,0.000000,0.932786,1.003760,0.959182,0.803400,1.089907,1.240203,1.062881,0.940287,1.058420,1.049843,1.378325,0.882311,1.073181,1.046902,1.347412,1.342853,0.901826,1.083980,0.916861,1.002847,1.118224,1.089374,1.103395,1.114059,1.046623,1.019467,1.193300,1.250970,1.134849,1.281508,1.308172,1.239277,1.182037,1.112403,1.220947,1.036758,1.180324,1.050650,1.183781,1.300120,1.122837,1.177334,0.993956,0.859380,1.000824,1.027397,1.086000,1.174939,1.261074,1.156156,1.077340,1.044612,1.156533,1.277678,1.069785,1.062322,1.117573,1.250759,1.279147,1.085365,1.203839,1.001435,1.195243,1.237234,1.334891,1.287403,1.173496,1.287275,1.403021,1.261879,1.285015,1.402097,1.186381,1.249372,1.215538,1.326015,1.113612,1.132792,1.120812,1.178517,1.207293
杨戴/伤逝__chunk003,0.884961,0.932786,0.000000,0.863064,0.909133,0.946914,0.983737,1.097841,1.049046,1.041743,1.008075,1.015086,1.426357,0.954533,1.135940,1.032599,1.199661,1.400612,0.805035,1.093787,0.966395,1.007969,1.145465,1.144220,1.091268,1.063645,1.042926,1.052702,1.252204,1.216531,1.176313,1.190012,1.234145,1.255162,1.235322,1.199401,1.157253,1.102000,1.150859,1.210214,1.187595,1.335954,1.059545,1.260396,0.955726,0.881547,0.900047,1.097276,1.080699,1.039694,1.233891,1.190048,1.070910,0.969709,1.157895,1.260662,1.167360,1.151889,1.143569,1.204813,1.277834,0.936725,1.272829,0.970196,1.151092,1.329888,1.254730,1.305334,1.082673,1.237750,1.417914,1.287054,1.210876,1.362599,1.218097,1.292043,1.265352,1.301536,1.111168,1.119503,1.160203,1.200435,1.094582
杨戴/伤逝__chunk004,1.009616,1.003760,0.863064,0.000000,0.980810,0.951542,0.978103,1.207750,1.129899,1.064881,1.082843,0.985477,1.421810,1.018197,1.130151,0.995429,1.188799,1.372363,0.977096,1.170328,0.869831,1.039907,1.116336,1.177526,1.111984,1.227446,1.027898,1.131917,1.306646,1.171712,1.200270,1.302187,1.298848,1.256854,1.440757,1.185333,1.277560,1.208332,1.268027,1.301200,1.292280,1.404448,1.140315,1.190780,1.032406,0.847430,0.861749,1.132028,1.106865,1.023481,1.254528,1.238126,1.122781,1.046940,1.179127,1.361190,1.096643,1.237805,1.176553,1.190948,1.242844,1.198169,1.331518,1.066589,1.304256,1.260950,1.328111,1.261786,1.188303,1.321201,1.424386,1.328610,1.313804,1.384891,1.231898,1.364294,1.303144,1.361897,1.340737,1.300677,1.311747,1.309828,1.245777
杨戴/在酒楼上__chunk001,0.920438,0.959182,0.909133,0.980810,0.000000,0.792127,0.937998,0.890033,0.954235,0.912176,0.886716,0.917755,1.316588,0.939344,1.039105,0.832497,1.194112,1.225279,0.842524,1.052086,0.903568,0.938164,1.012292,1.108770,1.015366,1.070868,1.021279,1.024808,1.028844,1.116066,1.015972,1.097468,1.039007,1.210174,1.151656,1.070703,0.970790,0.896106,1.113239,1.012688,1.012015,1.025047,1.014864,1.148591,1.001577,1.005517,0.907971,0.815537,1.147152,0.950849,1.038570,1.109045,1.008364,1.108904,0.965992,1.214953,1.074374,1.152260,1.031908,1.170747,1.253198,1.003341,1.173212,1.010706,1.153815,1.218502,1.193586,1.228116,1.098972,1.207174,1.249392,1.115816,1.072454,1.173644,1.059779,1.267398,1.120385,1.062776,0.955943,1.027280,1.071089,1.075053,1.078471
杨戴/在酒楼上__chunk002,0.977554,0.803400,0.946914,0.951542,0.792127,0.000000,1.049383,1.180053,1.099651,0.883631,0.916666,1.038190,1.422881,0.991482,0.955932,1.007865,1.130239,1.178326,0.976047,1.198923,0.899100,0.899594,0.949412,0.991970,1.101418,1.112925,0.951785,1.068463,1.185459,1.190529,1.145807,1.276774,1.334031,1.171653,1.157566,1.148410,1.155711,1.033505,1.077594,1.059514,1.136081,1.192994,1.086000,1.201808,1.065331,0.968412,0.953271,1.037707,0.966962,1.089700,1.244375,1.235657,1.089587,1.052914,1.204772,1.429363,1.089090,1.125315,1.134555,1.190918,1.206268,1.227679,1.302176,0.980915,1.193473,1.164204,1.260893,1.234563,1.107178,1.339026,1.427625,1.222368,1.265722,1.431973,1.164988,1.296031,1.259462,1.308599,1.196763,1.193693,1.138904,1.239397,1.165888
杨戴/奔月__chunk001,1.037476,1.089907,0.983737,0.978103,0.937998,1.049383,0.000000,0.757674,0.868816,0.871032,1.062418,0.920424,1.135533,0.954898,0.988332,0.912907,1.116252,1.268778,0.931821,1.026491,0.979735,1.011314,1.116634,1.094731,0.831837,0.937630,0.747155,0.739891,0.911515,1.065040,0.804702,0.891500,0.899763,1.126224,1.170836,0.953192,0.950937,0.990023,1.085828,0.963670,0.952662,1.261075,0.797149,0.903558,0.941632,0.970236,1.023989,0.866356,1.038626,0.620185,0.840311,0.902192,0.905129,0.997222,0.880834,0.997573,0.828367,0.907497,0.930783,1.138303,1.099376,0.966497,1.021259,0.953937,0.985030,1.131555,0.921253,0.944665,0.894927,0.893235,1.048149,0.850128,0.924924,1.045136,1.013660,1.043716,0.968018,0.949139,1.016475,0.956036,0.897548,0.934693,0.843577
杨戴/奔月__chunk002,1.160055,1.240203,1.097841,1.207750,0.890033,1.180053,0.757674,0.000000,0.926414,1.042746,1.157775,0.927738,1.262791,1.088319,0.987764,1.017467,1.273669,1.354502,0.981009,1.045155,1.062580,1.104432,1.112961,1.132789,1.003284,0.995772,0.908109,0.925901,0.907420,1.053220,0.772527,0.914620,1.009670,1.257823,1.092568,1.074521,0.953812,1.001804,1.105276,0.981703,0.875650,1.134700,0.964053,0.964935,1.060769,1.160842,1.173358,1.002868,1.149269,0.831688,0.651517,0.973939,1.032488,1.089771,0.917580,1.092203,0.957517,0.997169,1.008685,1.324894,1.194321,1.056393,1.100680,1.036817,1.090480,1.130900,1.008664,1.067567,0.968915,1.070150,1.041416,0.883210,0.908326,1.079373,1.133297,1.103655,1.033234,1.034158,0.952412,1.018691,0.922214,0.840210,0.975761
杨戴/孤独者__chunk001,0.978182,1.062881,1.049046,1.129899,0.954235,1.099651,0.868816,0.926414,0.000000,0.906510,0.976671,0.815198,1.258506,0.957419,1.084636,0.943407,1.032066,1.285324,0.838506,0.971870,0.838813,0.920281,1.043600,1.169463,0.888725,0.923053,0.980798,0.982786,0.984095,1.077797,0.971486,0.855543,0.910963,0.990608,0.971309,0.913659,0.911797,0.911745,0.859451,0.887675,0.980802,1.144044,0.958383,1.039179,1.069881,1.107388,1.036721,0.974882,1.158959,0.964570,1.032322,0.727249,0.969579,1.051108,0.838877,1.091907,1.005703,0.988729,0.995057,1.143107,1.038528,0.922862,1.052622,0.945794,1.009598,1.240279,1.014786,1.155470,1.065466,1.154981,1.090355,1.022565,0.920708,1.019340,0.967919,1.013436,0.896237,1.013433,0.911542,0.851137,0.902114,1.039814,0.995311
杨戴/孤独者__chunk002,1.015642,0.940287,1.041743,1.064881,0.912176,0.883631,0.871032,1.042746,0.906510,0.000000,0.941633,0.964502,1.334185,0.825276,0.982684,1.093107,0.966555,1.143276,0.943321,1.088062,0.916321,0.933463,1.057515,1.043650,0.919581,0.963842,0.956454,0.955009,1.103446,1.074557,0.971487,1.039957,1.140558,1.176007,1.195625,1.036427,1.107227,0.949692,1.123308,0.984399,0.986666,1.287091,1.011288,1.084641,1.131695,1.067476,1.013558,0.995734,1.085168,1.017186,1.065816,0.992317,0.824736,1.000239,1.088231,1.211171,0.927759,1.077438,1.093776,1.106983,1.087538,1.102152,1.231569,0.942512,1.070961,1.173394,1.059918,1.134978,1.046875,1.102066,1.320763,1.063386,1.131384,1.309488,1.094912,1.255342,1.127432,1.232550,1.052499,1.088473,1.095045,1.117939,1.116617
杨戴/孤独者__chunk003,1.137504,1.058420,1.008075,1.082843,0.886716,0.916666,1.062418,1.157775,0.976671,0.941633,0.000000,1.015207,1.199162,1.077510,1.049776,1.096713,1.140243,1.160731,0.861147,1.252763,0.884536,1.043824,1.192784,1.250914,1.117681,1.086271,1.002382,1.075197,1.201422,1.301010,1.173905,1.145338,1.246274,0.992208,1.101182,1.112527,1.104373,1.146184,1.037460,1.060818,1.180843,1.273331,1.177639,1.280049,1.116248,1.000106,1.078437,1.006554,1.116333,1.075634,1.204354,1.202312,1.072325,0.821313,1.136214,1.316772,1.119188,1.190377,1.253282,1.114430,1.152825,1.071305,1.340044,0.998125,1.244246,1.293520,1.273916,1.131899,1.204073,1.223596,1.415078,1.163196,1.207058,1.345012,1.023741,1.308733,1.169034,1.193238,1.183698,1.196388,1.082616,1.233420,1.150010
杨戴/孤独者__chunk004,1.041679,1.049843,1.015086,0.985477,0.917755,1.038190,0.920424,0.927738,0.815198,0.964502,1.015207,0.000000,1.166520,0.885986,0.985822,0.949277,1.094336,1.164214,0.853419,0.967802,0.858931,0.955121,1.057081,1.240983,1.022076,1.021015,0.990560,1.064090,0.990976,1.133388,1.057067,1.106121,1.103211,1.167321,1.047400,1.009745,0.956955,0.976457,0.907764,0.966317,0.907351,1.182920,1.001117,1.006453,1.104465,0.948751,1.051419,1.051408,1.085490,0.971201,1.021119,0.856369,0.868379,1.099605,0.749717,1.185077,0.970865,0.956427,1.051602,1.102966,1.071043,1.012823,1.201097,1.002208,1.052710,1.062918,1.103620,1.194098,1.035498,1.152957,1.172831,1.019741,1.086999,1.106936,1.172028,1.130775,1.128043,1.142044,0.986673,0.984878,0.976999,0.953126,1.105915
杨戴/幸福的家庭__chunk001,1.338641,1.378325,1.426357,1.421810,1.316588,1.422881,1.135533,1.262791,1.258506,1.334185,1.199162,1.166520,0.000000,1.381460,1.321534,1.266022,1.424789,1.324788,1.280494,1.341991,1.232348,1.370220,1.425457,1.466952,1.242561,1.304419,1.190599,1.045217,1.270786,1.395450,1.233674,1.339487,1.277896,1.156984,1.222421,1.249686,1.255041,1.386712,1.281749,1.222956,1.346235,1.489934,1.268675,1.233942,1.456242,1.385336,1.413093,1.334858,1.559269,1.191305,1.346992,1.235404,1.203141,1.330596,1.212130,0.780271,1.447276,1.311171,1.262669,1.243490,1.418858,1.245153,1.448018,1.276908,1.269631,1.430571,1.252069,1.254302,1.247633,1.207766,1.351552,1.192715,1.305048,1.281478,1.271639,1.314717,1.315674,1.384344,1.179224,1.290604,1.203682,1.318856,1.225304
杨戴/故乡__chunk001,1.010991,0.882311,0.954533,1.018197,0.939344,0.991482,0.954898,1.088319,0.957419,0.825276,1.077510,0.885986,1.381460,0.000000,0.896046,0.981135,1.073993,1.157292,0.973795,0.963314,0.881322,0.892688,1.118063,1.160646,1.015598,1.007399,1.119971,1.036727,1.129163,1.139231,1.045421,1.197268,1.177877,1.202639,1.181145,1.044168,1.145705,0.954986,1.065953,1.045924,1.097916,1.295930,0.855108,1.191451,1.136545,1.101747,1.089697,1.090893,1.159999,1.061290,1.230780,1.027739,1.067146,1.116690,1.074076,1.356151,0.902909,1.094951,1.184333,1.146494,1.202023,1.105639,1.265886,0.966278,1.186266,1.293405,1.213651,1.225635,1.083474,1.178886,1.320077,1.164208,1.177114,1.320528,1.194510,1.324183,1.138267,1.331818,1.069564,1.091424,1.193474,1.100397,1.091739
杨戴/故乡__chunk002,1.277751,1.073181,1.135940,1.130151,1.039105,0.955932,0.988332,0.987764,1.084636,0.982684,1.049776,0.985822,1.321534,0.896046,0.000000,1.137568,1.136749,1.071734,1.071491,1.089683,0.954413,0.934858,1.077997,1.229363,1.081543,1.076598,1.068595,1.029106,1.166259,1.180561,1.045012,1.184740,1.301482,1.314599,1.314156,1.093809,1.076778,1.144955,1.056764,0.957869,1.076908,1.233007,1.059626,1.115040,1.203239,1.201413,1.173441,1.090868,1.187276,1.058962,1.082219,1.190249,1.060879,1.087824,1.096133,1.320628,1.006783,0.910137,1.230580,1.261934,1.148999,1.259029,1.239888,1.094534,1.266270,1.191985,1.190762,1.209614,1.091323,1.228438,1.354572,1.117863,1.178840,1.369951,1.288249,1.370283,1.178276,1.268315,1.162516,1.096044,1.104519,1.145240,1.194791
杨戴/明天__chunk001,0.972854,1.046902,1.032599,0.995429,0.832497,1.007865,0.912907,1.017467,0.943407,1.093107,1.096713,0.949277,1.266022,0.981135,1.137568,0.000000,1.320110,1.501926,1.109047,0.966608,0.985892,1.022302,1.010122,1.081377,0.938356,1.078305,0.953307,1.000481,0.993185,0.974668,0.981505,1.011379,0.970955,1.208864,1.205352,1.019155,1.039603,0.934311,0.980485,0.994764,1.028270,1.218758,0.849463,1.000002,1.085597,1.037859,1.027697,0.946422,1.135064,0.860652,1.064007,1.071861,1.107924,1.140894,0.976182,1.131771,1.083302,1.068534,0.788891,1.258192,1.230508,1.173785,1.149654,1.046473,1.001525,1.183452,1.085275,1.168295,1.046932,1.114257,1.100245,0.971388,1.049601,1.082961,1.107618,1.125665,1.066580,1.043172,0.993180,0.923074,1.034971,1.003023,0.958736
杨戴/狂人日记__chunk001,1.170359,1.347412,1.199661,1.188799,1.194112,1.130239,1.116252,1.273669,1.032066,0.966555,1.140243,1.094336,1.424789,1.073993,1.136749,1.320110,0.000000,0.950022,1.106476,1.278311,1.020728,1.048170,1.203424,1.309093,1.088213,1.234619,1.220885,1.137803,1.227583,1.206782,1.254215,1.193894,1.193184,1.193171,1.303439,1.298177,1.235374,1.254984,1.087061,1.294646,1.254581,1.289468,1.214540,1.328888,1.247596,1.297638,1.157882,1.280997,1.367616,1.272852,1.352270,1.271876,1.153879,1.320548,1.241569,1.398993,1.210051,1.287579,1.440513,0.840416,1.153801,1.198270,1.490616,1.203729,1.396978,1.471126,1.245958,1.317045,1.330728,1.402789,1.439081,1.364183,1.275749,1.351185,1.226413,1.439716,1.459031,1.483870,1.265012,1.203279,1.396317,1.282097,1.324482
杨戴/狂人日记__chunk002,1.415086,1.342853,1.400612,1.372363,1.225279,1.178326,1.268778,1.354502,1.285324,1.143276,1.160731,1.164214,1.324788,1.157292,1.071734,1.501926,0.950022,0.000000,1.260649,1.537389,1.092320,1.183193,1.339208,1.441978,1.233902,1.225562,1.235882,1.198429,1.373931,1.385947,1.424291,1.421262,1.411191,1.226859,1.367729,1.389330,1.389398,1.361385,1.253455,1.412352,1.299924,1.469880,1.385701,1.426950,1.370948,1.342310,1.304838,1.385699,1.414471,1.335476,1.467189,1.347336,1.189082,1.347547,1.342826,1.399478,1.231070,1.310436,1.551987,1.080723,0.929584,1.350334,1.663653,1.281368,1.451757,1.402442,1.356310,1.367090,1.311269,1.350489,1.575686,1.447469,1.446790,1.511370,1.295904,1.529994,1.497591,1.638882,1.340384,1.340275,1.417249,1.404096,1.403178
杨戴/社戏__chunk001,0.983696,0.901826,0.805035,0.977096,0.842524,0.976047,0.931821,0.981009,0.838506,0.943321,0.861147,0.853419,1.280494,0.973795,1.071491,1.109047,1.106476,1.260649,0.000000,0.996447,0.923257,0.989768,1.088202,1.183650,1.189902,1.205155,1.045359,1.043501,1.080043,1.234350,1.133265,1.069873,1.149911,1.094460,1.087423,1.119411,1.054231,0.946714,1.064061,1.047153,1.069371,1.290830,1.134871,1.205562,0.983501,0.857466,0.981379,0.886419,1.066213,1.043128,1.158690,1.006321,0.971236,0.993473,0.962200,1.192378,1.045609,1.093255,1.098759,1.103239,1.194271,0.736207,1.164975,0.914316,1.070876,1.233888,1.268499,1.248788,1.092507,1.214179,1.301182,1.115458,1.206875,1.263703,1.165595,1.189839,1.125646,1.204563,1.003485,1.084282,0.994631,1.107165,1.164345
杨戴/社戏__chunk002,0.980902,1.083980,1.093787,1.170328,1.052086,1.198923,1.026491,1.045155,0.971870,1.088062,1.252763,0.967802,1.341991,0.963314,1.089683,0.966608,1.278311,1.537389,0.996447,0.000000,1.055789,0.980627,1.153937,1.316091,1.001753,1.137744,1.101606,1.083960,0.998159,1.126560,0.994188,1.058137,0.937701,1.329838,1.178208,1.114129,1.036775,1.000512,1.060613,1.033107,1.115421,1.359219,0.977297,0.998838,1.110287,1.064732,1.212728,0.903632,1.214301,1.057033,0.980797,1.047047,1.133614,1.144051,0.972840,1.236794,1.020599,0.976575,0.975775,1.350426,1.332789,0.957490,0.857804,1.087195,0.980819,1.205848,1.112042,1.223497,1.100788,1.204475,1.116133,1.038657,1.097677,1.018691,1.281725,1.218729,1.184632,1.132336,1.008652,0.993111,1.122753,1.026751,1.071849
杨戴/祝福__chunk001,0.943324,0.916861,0.966395,0.869831,0.903568,0.899100,0.979735,1.062580,0.838813,0.916321,0.884536,0.858931,1.232348,0.881322,0.954413,0.985892,1.020728,1.092320,0.923257,1.055789,0.000000,0.885561,0.999123,1.066348,0.916648,1.016172,0.991400,1.040322,1.091345,1.163406,1.096495,1.141996,1.163877,0.965538,1.063204,0.979340,0.985879,0.916243,0.995097,1.096656,1.041465,1.170938,1.050290,1.151959,0.874264,0.882283,0.844950,0.987732,1.111670,1.035491,1.102251,0.917710,0.990376,0.942227,0.925709,1.204139,1.007336,1.049781,1.082723,1.089723,1.079773,1.001262,1.244696,0.721033,1.075492,1.240861,1.161601,1.153116,1.165117,1.183692,1.249297,1.176150,1.148044,1.182354,1.041683,1.175709,1.020109,1.227512,1.002167,1.034998,1.063216,1.121141,1.110418
杨戴/祝福__chunk002,1.080464,1.002847,1.007969,1.039907,0.938164,0.899594,1.011314,1.104432,0.920281,0.933463,1.043824,0.955121,1.370220,0.892688,0.934858,1.022302,1.048170,1.183193,0.989768,0.980627,0.885561,0.000000,0.844415,1.014289,1.012493,1.003348,1.104932,1.057505,1.174384,0.975502,1.193070,1.191290,1.138725,1.175256,1.082324,0.992855,1.059609,0.986000,0.995181,1.011451,1.022765,1.254753,0.921241,1.073830,1.080652,1.127267,1.026321,1.064008,1.178526,1.074848,1.113547,1.066989,1.042828,1.111996,1.060889,1.273026,1.053370,1.136499,1.019559,1.186945,1.210988,1.141120,1.221399,0.929102,0.958371,1.119164,1.140349,1.208579,1.124434,1.233734,1.327918,1.288562,1.204381,1.247551,1.077646,1.211391,1.122752,1.235704,1.027742,1.134669,1.142934,1.116322,1.050074
杨戴/祝福__chunk003,1.135564,1.118224,1.145465,1.116336,1.012292,0.949412,1.116634,1.112961,1.043600,1.057515,1.192784,1.057081,1.425457,1.118063,1.077997,1.010122,1.203424,1.339208,1.088202,1.153937,0.999123,0.844415,0.000000,0.920939,1.120138,1.204883,1.189464,1.177254,1.246531,1.133706,1.277327,1.274241,1.226291,1.341620,1.334275,1.176042,1.143148,1.098013,1.136065,1.020525,1.135996,1.409889,1.084772,1.135286,1.194913,1.210863,1.255646,1.183710,1.314439,1.202890,1.202694,1.146227,1.103882,1.259936,1.216247,1.384089,1.320918,1.296579,1.153419,1.166740,1.309203,1.249730,1.359517,1.212096,1.217112,1.012528,1.318926,1.385064,1.267042,1.410869,1.495584,1.304738,1.290123,1.367795,1.276591,1.333560,1.315096,1.316226,1.182331,1.275112,1.221599,1.283837,1.263591
杨戴/祝福__chunk004,1.042054,1.089374,1.144220,1.177526,1.108770,0.991970,1.094731,1.132789,1.169463,1.043650,1.250914,1.240983,1.466952,1.160646,1.229363,1.081377,1.309093,1.441978,1.183650,1.316091,1.066348,1.014289,0.920939,0.000000,1.120879,1.220351,1.103909,0.998397,1.245576,1.194449,1.019388,1.216574,1.360565,1.302191,1.283347,1.228730,1.211126,1.112397,1.211228,1.163380,1.206215,1.309536,1.097819,1.233015,1.156574,1.198888,1.158511,1.211953,1.232052,1.125103,1.187761,1.268463,1.139920,1.261824,1.315108,1.409848,1.257467,1.273826,1.193858,1.268930,1.364251,1.291795,1.374147,1.120953,1.132805,1.132710,1.298839,1.335570,1.131143,1.247915,1.451692,1.145971,1.277956,1.407787,1.198900,1.246083,1.237206,1.387690,1.253013,1.184907,1.226347,1.231179,1.097073
杨戴/离婚__chunk001,1.042076,1.103395,1.091268,1.111984,1.015366,1.101418,0.831837,1.003284,0.888725,0.919581,1.117681,1.022076,1.242561,1.015598,1.081543,0.938356,1.088213,1.233902,1.189902,1.001753,0.916648,1.012493,1.120138,1.120879,0.000000,0.826486,0.803263,0.734629,0.984536,1.140891,0.879497,0.941471,1.019183,1.105736,1.151516,1.004619,1.035179,0.922192,1.039881,1.084894,1.051438,1.218330,0.786210,0.866512,1.154420,1.036536,1.134454,1.023516,1.072758,0.913435,1.062089,0.917834,0.997995,1.082286,1.008112,1.102940,1.003810,0.999518,1.078698,1.124979,1.028555,1.044462,1.133359,1.098224,1.073847,1.226295,0.795528,1.054869,0.926567,0.936742,1.096363,1.100525,0.972801,1.104816,1.068058,1.156324,1.083102,1.132696,0.948510,0.930424,1.092705,1.055706,0.852757
杨戴/离婚__chunk002,1.001352,1.114059,1.063645,1.227446,1.070868,1.112925,0.937630,0.995772,0.923053,0.963842,1.086271,1.021015,1.304419,1.007399,1.076598,1.078305,1.234619,1.225562,1.205155,1.137744,1.016172,1.003348,1.204883,1.220351,0.826486,0.000000,0.946006,0.825456,1.070618,1.102140,1.054318,1.113293,1.102436,1.161513,1.186806,1.045930,1.067088,1.007444,1.046074,1.118109,1.116471,1.389768,0.874190,1.003727,1.079962,1.160533,1.149468,1.137140,1.186462,1.019086,1.069921,1.092835,1.005830,1.058386,1.013703,1.153960,0.989122,1.067730,1.116372,1.175985,1.007318,1.139776,1.164957,0.988706,1.031714,1.266305,0.977597,0.868491,0.945393,1.013593,1.180698,1.176419,1.156688,1.221029,1.103863,1.259469,1.111266,1.221338,0.991967,1.020969,1.091131,1.084932,0.895073
杨戴/肥皂__chunk001,1.037427,1.046623,1.042926,1.027898,1.021279,0.951785,0.747155,0.908109,0.980798,0.956454,1.002382,0.990560,1.190599,1.119971,1.068595,0.953307,1.220885,1.235882,1.045359,1.101606,0.991400,1.104932,1.189464,1.103909,0.803263,0.946006,0.000000,0.775787,1.130443,1.245286,0.934529,1.078307,1.128494,1.059361,1.096154,1.018179,1.094921,1.021294,1.114016,1.072050,1.115208,1.295499,1.002578,0.962515,1.045560,1.010364,1.054480,0.981055,0.938745,0.836692,0.994875,1.056988,0.972642,1.051375,0.954853,1.120879,0.895343,1.031890,1.052448,1.193403,1.013487,1.161398,1.194579,1.007520,0.967308,1.130510,0.999350,1.039675,0.719698,0.935918,1.216919,0.922222,1.056910,1.200072,1.071100,1.199588,1.102310,1.151068,1.055608,1.072281,1.045720,1.068548,0.997797
杨戴/肥皂__chunk002,0.988322,1.019467,1.052702,1.131917,1.024808,1.068463,0.739891,0.925901,0.982786,0.955009,1.075197,1.064090,1.045217,1.036727,1.029106,1.000481,1.137803,1.198429,1.043501,1.083960,1.040322,1.057505,1.177254,0.998397,0.734629,0.825456,0.775787,0.000000,0.999939,1.059878,0.869091,0.962323,0.981724,1.085639,1.169718,1.113283,1.047836,1.046850,1.120358,1.082036,1.156353,1.298804,0.873117,1.003407,1.002698,0.991541,1.048274,0.973346,1.031679,0.774643,0.975401,1.033799,0.894035,0.953062,0.995844,0.967741,0.909251,0.935655,0.936178,1.074913,1.075742,1.028554,1.048609,0.957948,1.015208,1.188941,0.879784,0.936184,0.857909,0.673568,1.067689,0.995571,0.911987,1.104932,0.985712,1.190376,1.102479,1.103114,0.970957,0.934207,1.025623,1.020611,0.816003
杨戴/药__chunk001,1.132189,1.193300,1.252204,1.306646,1.028844,1.185459,0.911515,0.907420,0.984095,1.103446,1.201422,0.990976,1.270786,1.129163,1.166259,0.993185,1.227583,1.373931,1.080043,0.998159,1.091345,1.174384,1.246531,1.245576,0.984536,1.070618,1.130443,0.999939,0.000000,1.092179,0.874867,0.941601,0.973038,1.301500,1.157844,1.078735,1.023592,1.001576,1.113425,1.050378,1.001536,1.225952,1.031148,1.050618,1.128547,1.192576,1.183575,1.017407,1.183877,1.038174,0.915045,1.065896,1.048398,1.172124,0.959155,1.148902,1.013787,1.020287,1.021900,1.247457,1.268876,1.152568,1.066354,1.088157,1.098438,1.134166,1.060229,1.041160,1.109732,1.126059,0.788188,0.924347,0.945378,0.962544,1.151095,1.145001,1.080839,1.002737,0.969968,0.973490,0.993454,0.878440,0.992598
杨戴/药__chunk002,1.140792,1.250970,1.216531,1.171712,1.116066,1.190529,1.065040,1.053220,1.077797,1.074557,1.301010,1.133388,1.395450,1.139231,1.180561,0.974668,1.206782,1.385947,1.234350,1.126560,1.163406,0.975502,1.133706,1.194449,1.140891,1.102140,1.245286,1.059878,1.092179,0.000000,1.160139,1.084334,1.082960,1.412430,1.387546,1.162928,1.219178,1.166981,1.206518,1.061402,1.213319,1.334783,0.978486,1.061169,1.179879,1.287329,1.143239,1.065719,1.258891,1.108239,1.065002,1.220964,1.070071,1.263653,1.085302,1.258495,1.104035,1.172359,0.961296,1.247478,1.221471,1.264570,1.169970,1.039997,1.077938,1.239319,1.110084,1.141273,1.116790,1.106387,1.200101,1.218223,1.122363,1.137268,1.251444,1.361483,1.235005,1.220889,1.183880,1.058847,1.132151,1.125954,0.970154
杨戴/铸剑__chunk001,1.127471,1.134849,1.176313,1.200270,1.015972,1.145807,0.804702,0.772527,0.971486,0.971487,1.173905,1.057067,1.233674,1.045421,1.045012,0.981505,1.254215,1.424291,1.133265,0.994188,1.096495,1.193070,1.277327,1.019388,0.879497,1.054318,0.934529,0.869091,0.874867,1.160139,0.000000,0.813005,1.027442,1.164677,1.118778,1.019474,0.974136,0.992607,1.188882,1.025756,1.021410,1.174544,0.947856,0.968574,1.074256,1.128890,1.069614,0.871659,1.121214,0.839475,0.813694,0.986167,1.031080,1.043608,0.883004,1.087711,0.983951,0.991834,0.915970,1.288116,1.206742,1.092614,0.997166,0.942594,1.152950,1.096916,0.964525,1.074415,0.976022,1.022680,0.903677,0.563117,0.762087,1.006722,1.030618,1.068266,0.950579,0.955214,0.981033,0.881678,0.896170,0.867125,0.847361
杨戴/铸剑__chunk002,1.175641,1.281508,1.190012,1.302187,1.097468,1.276774,0.891500,0.914620,0.855543,1.039957,1.145338,1.106121,1.339487,1.197268,1.184740,1.011379,1.193894,1.421262,1.069873,1.058137,1.141996,1.191290,1.274241,1.216574,0.941471,1.113293,1.078307,0.962323,0.941601,1.084334,0.813005,0.000000,0.909306,1.193783,1.115148,1.072419,0.994279,0.929170,1.137898,0.999623,1.050317,1.255136,1.010663,1.155216,1.135968,1.188562,1.128987,0.921562,1.166526,0.904750,0.866544,0.944387,1.068569,1.077064,0.942062,1.124176,1.077006,1.007943,0.975004,1.178827,1.277942,1.060709,0.907079,0.965952,1.086845,1.280649,0.893516,1.074644,1.056482,1.022628,0.922520,0.904511,0.536939,0.899745,1.060702,1.091027,0.979948,0.993625,0.969353,0.919103,0.932073,0.938793,0.941251
杨戴/铸剑__chunk003,1.195433,1.308172,1.234145,1.298848,1.039007,1.334031,0.899763,1.009670,0.910963,1.140558,1.246274,1.103211,1.277896,1.177877,1.301482,0.970955,1.193184,1.411191,1.149911,0.937701,1.163877,1.138725,1.226291,1.360565,1.019183,1.102436,1.128494,0.981724,0.973038,1.082960,1.027442,0.909306,0.000000,1.407871,1.271913,1.208943,1.069017,1.065586,1.113391,1.097802,1.120554,1.356465,0.979951,1.066630,1.203931,1.301214,1.250539,1.048911,1.249571,1.064932,1.024530,1.085190,1.126666,1.231951,1.039536,1.131824,1.189281,1.224461,1.038685,1.199994,1.260638,1.172334,1.052709,1.220986,1.144858,1.305175,1.019301,1.060675,1.050970,1.124022,1.019372,0.980190,0.924373,0.656276,1.210271,1.181284,1.179564,1.069861,1.072270,1.070442,1.120211,1.052104,0.997305
杨戴/阿Q正传__chunk001,1.271324,1.239277,1.255162,1.256854,1.210174,1.171653,1.126224,1.257823,0.990608,1.176007,0.992208,1.167321,1.156984,1.202639,1.314599,1.208864,1.193171,1.226859,1.094460,1.329838,0.965538,1.175256,1.341620,1.302191,1.105736,1.161513,1.059361,1.085639,1.301500,1.412430,1.164677,1.193783,1.407871,0.000000,0.870895,0.932560,0.991905,0.955254,0.994248,1.067409,1.098691,1.285971,1.171175,1.262999,1.125863,1.173770,1.247493,1.179630,1.325509,1.171150,1.341748,1.105798,1.160611,1.214611,1.212549,1.263578,1.308035,1.248926,1.260487,1.215855,1.290163,1.177496,1.397228,1.076539,1.361857,1.458921,1.297540,1.277429,1.344386,1.271439,1.386718,1.223498,1.151251,1.416329,0.691744,1.021123,1.080835,1.128443,1.009052,1.018779,1.042466,1.112575,1.171054
杨戴/阿Q正传__chunk002,1.054002,1.182037,1.235322,1.440757,1.151656,1.157566,1.170836,1.092568,0.971309,1.195625,1.101182,1.047400,1.222421,1.181145,1.314156,1.205352,1.303439,1.367729,1.087423,1.178208,1.063204,1.082324,1.334275,1.283347,1.151516,1.186806,1.096154,1.169718,1.157844,1.387546,1.118778,1.115148,1.271913,0.870895,0.000000,0.738432,0.894991,0.913888,0.923832,0.939152,0.935524,1.049978,1.148429,1.255789,1.167640,1.306497,1.286824,1.227076,1.360763,1.212339,1.206517,1.073945,1.272146,1.391782,1.137824,1.295580,1.286981,1.164975,1.211778,1.266295,1.387125,1.245253,1.359199,1.133923,1.220625,1.382814,1.288819,1.348585,1.312477,1.338692,1.324189,1.182791,1.153935,1.271676,0.889096,0.861020,0.953572,1.141466,0.916136,1.057282,0.930562,1.040892,1.171675
杨戴/阿Q正传__chunk003,1.106904,1.112403,1.199401,1.185333,1.070703,1.148410,0.953192,1.074521,0.913659,1.036427,1.112527,1.009745,1.249686,1.044168,1.093809,1.019155,1.298177,1.389330,1.119411,1.114129,0.979340,0.992855,1.176042,1.228730,1.004619,1.045930,1.018179,1.113283,1.078735,1.162928,1.019474,1.072419,1.208943,0.932560,0.738432,0.000000,0.765928,0.752824,0.899833,0.752973,0.854760,1.053981,0.956633,1.022730,1.124038,1.240294,1.194400,1.083144,1.312104,1.083886,1.146839,0.988633,1.185414,1.326444,1.048066,1.217703,1.202296,1.092568,1.107928,1.201649,1.183755,1.226413,1.227405,1.020678,1.205947,1.254231,1.236052,1.215885,1.216412,1.310460,1.199458,1.137418,1.080124,1.233095,0.856739,0.945312,0.750385,0.926843,0.937615,0.988650,0.892367,0.903778,1.023610
杨戴/阿Q正传__chunk004,1.190076,1.220947,1.157253,1.277560,0.970790,1.155711,0.950937,0.953812,0.911797,1.107227,1.104373,0.956955,1.255041,1.145705,1.076778,1.039603,1.235374,1.389398,1.054231,1.036775,0.985879,1.059609,1.143148,1.211126,1.035179,1.067088,1.094921,1.047836,1.023592,1.219178,0.974136,0.994279,1.069017,0.991905,0.894991,0.765928,0.000000,0.824626,0.883240,0.806582,0.851727,1.183971,0.977285,1.051698,1.052405,1.195997,1.102661,0.933830,1.209350,1.003272,0.953206,0.984676,1.099881,1.190326,1.004370,1.150457,1.190983,1.038756,1.065109,1.252697,1.321477,1.087427,1.100024,1.043318,1.106448,1.118058,1.161510,1.135516,1.139706,1.240817,1.113602,1.016218,1.028518,1.141508,0.958673,0.909415,0.903085,0.848646,0.831669,0.925966,0.812040,0.848469,1.011950
杨戴/阿Q正传__chunk005,1.088279,1.036758,1.102000,1.208332,0.896106,1.033505,0.990023,1.001804,0.911745,0.949692,1.146184,0.976457,1.386712,0.954986,1.144955,0.934311,1.254984,1.361385,0.946714,1.000512,0.916243,0.986000,1.098013,1.112397,0.922192,1.007444,1.021294,1.046850,1.001576,1.166981,0.992607,0.929170,1.065586,0.955254,0.913888,0.752824,0.824626,0.000000,0.839019,0.829547,0.799662,1.066912,0.915697,0.932049,1.159884,1.130771,1.069438,0.909676,1.245861,1.013355,1.046617,0.951294,1.031396,1.184314,1.006286,1.177025,1.057729,1.037156,0.970672,1.132288,1.227852,1.054743,1.064959,0.955023,1.074630,1.267861,1.081172,1.155713,1.117329,1.171093,1.121653,1.049114,1.005036,1.159959,0.939592,0.947100,0.871889,0.883109,0.690901,0.854746,0.805999,0.892074,0.944913
杨戴/阿Q正传__chunk006,1.170417,1.180324,1.150859,1.268027,1.113239,1.077594,1.085828,1.105276,0.859451,1.123308,1.037460,0.907764,1.281749,1.065953,1.056764,0.980485,1.087061,1.253455,1.064061,1.060613,0.995097,0.995181,1.136065,1.211228,1.039881,1.046074,1.114016,1.120358,1.113425,1.206518,1.188882,1.137898,1.113391,0.994248,0.923832,0.899833,0.883240,0.839019,0.000000,0.833573,0.962575,1.181077,0.993930,1.019586,1.222714,1.110181,1.222289,1.097416,1.282805,1.124769,1.147911,1.032073,1.074927,1.300975,1.070496,1.234176,1.174815,1.032928,1.169056,1.070954,1.210877,1.171768,1.237509,1.113379,1.242656,1.339772,1.136026,1.301442,1.182126,1.305224,1.304416,1.160373,1.188977,1.252008,0.987584,1.046206,0.977187,1.044491,0.856929,0.807542,0.999219,0.980173,1.097700
杨戴/阿Q正传__chunk007,1.203544,1.050650,1.210214,1.301200,1.012688,1.059514,0.963670,0.981703,0.887675,0.984399,1.060818,0.966317,1.222956,1.045924,0.957869,0.994764,1.294646,1.412352,1.047153,1.033107,1.096656,1.011451,1.020525,1.163380,1.084894,1.118109,1.072050,1.082036,1.050378,1.061402,1.025756,0.999623,1.097802,1.067409,0.939152,0.752973,0.806582,0.829547,0.833573,0.000000,0.842541,1.095422,0.871013,0.907717,1.188587,1.213824,1.179894,1.013196,1.245289,1.069094,1.033606,0.988677,1.094091,1.267491,0.957619,1.252334,1.113020,0.964806,0.999657,1.209231,1.297852,1.150072,1.110862,1.059566,1.164462,1.208469,1.159948,1.296275,1.129635,1.220914,1.194804,1.012782,1.024642,1.127421,1.069244,0.973824,0.892774,0.903301,0.865036,0.952315,0.723998,0.905087,0.959915
杨戴/阿Q正传__chunk008,1.179801,1.183781,1.187595,1.292280,1.012015,1.136081,0.952662,0.875650,0.980802,0.986666,1.180843,0.907351,1.346235,1.097916,1.076908,1.028270,1.254581,1.299924,1.069371,1.115421,1.041465,1.022765,1.135996,1.206215,1.051438,1.116471,1.115208,1.156353,1.001536,1.213319,1.021410,1.050317,1.120554,1.098691,0.935524,0.854760,0.851727,0.799662,0.962575,0.842541,0.000000,1.065095,0.933884,1.059442,1.219357,1.184081,1.179495,1.049840,1.209479,0.948027,0.946883,1.059351,1.039232,1.216616,1.049544,1.257218,1.194493,1.077757,1.049091,1.331498,1.272062,1.203437,1.222144,1.126988,1.213898,1.156281,1.151720,1.219940,1.172945,1.288699,1.153966,1.090954,1.047338,1.240121,1.042471,0.948342,0.950941,0.984899,0.909835,1.002137,0.865083,0.640228,1.061613
杨戴/阿Q正传__chunk009,1.329327,1.300120,1.335954,1.404448,1.025047,1.192994,1.261075,1.134700,1.144044,1.287091,1.273331,1.182920,1.489934,1.295930,1.233007,1.218758,1.289468,1.469880,1.290830,1.359219,1.170938,1.254753,1.409889,1.309536,1.218330,1.389768,1.295499,1.298804,1.225952,1.334783,1.174544,1.255136,1.356465,1.285971,1.049978,1.053981,1.183971,1.066912,1.181077,1.095422,1.065095,0.000000,1.285903,1.340737,1.355050,1.346337,1.343088,1.315372,1.418140,1.252925,1.203532,1.235318,1.367098,1.460669,1.223114,1.561744,1.389221,1.274863,1.255426,1.412197,1.501334,1.348965,1.443385,1.304072,1.494697,1.470140,1.416339,1.488082,1.423388,1.512435,1.382590,1.360290,1.258054,1.396302,1.167669,1.200722,1.123269,1.260735,1.125584,1.197227,1.031366,1.078703,1.300939
杨戴/风波__chunk001,1.117276,1.122837,1.059545,1.140315,1.014864,1.086000,0.797149,0.964053,0.958383,1.011288,1.177639,1.001117,1.268675,0.855108,1.059626,0.849463,1.214540,1.385701,1.134871,0.977297,1.050290,0.921241,1.084772,1.097819,0.786210,0.874190,1.002578,0.873117,1.031148,0.978486,0.947856,1.010663,0.979951,1.171175,1.148429,0.956633,0.977285,0.915697,0.993930,0.871013,0.933884,1.285903,0.000000,0.756024,1.136201,1.130958,1.151501,1.045460,1.215664,0.889384,1.107549,0.962838,1.089226,1.210200,0.985777,1.174375,0.964868,1.058605,0.951866,1.225892,1.238895,1.089990,1.083267,1.067523,1.077989,1.136665,0.963116,1.076974,0.907871,1.038325,1.140636,1.050717,0.914002,1.132213,1.118306,1.077537,1.033792,1.038352,0.879857,0.977174,1.021568,0.975550,0.676987
杨戴/风波__chunk002,1.257306,1.177334,1.260396,1.190780,1.148591,1.201808,0.903558,0.964935,1.039179,1.084641,1.280049,1.006453,1.233942,1.191451,1.115040,1.000002,1.328888,1.426950,1.205562,0.998838,1.151959,1.073830,1.135286,1.233015,0.866512,1.003727,0.962515,1.003407,1.050618,1.061169,0.968574,1.155216,1.066630,1.262999,1.255789,1.022730,1.051698,0.932049,1.019586,0.907717,1.059442,1.340737,0.756024,0.000000,1.206744,1.170003,1.160655,1.013312,1.187427,0.937912,1.050951,0.957322,1.042916,1.242979,0.946412,1.073413,1.010582,0.975468,0.905698,1.140210,1.099904,1.103287,1.070938,1.051642,1.045531,1.128275,1.002744,1.078050,1.023843,1.143951,1.151076,1.000537,1.047082,1.095516,1.076672,1.132899,1.044690,0.994868,0.952197,0.977356,1.018710,1.014799,0.854853
蓝/伤逝__chunk001,0.854004,0.993956,0.955726,1.032406,1.001577,1.065331,0.941632,1.060769,1.069881,1.131695,1.116248,1.104465,1.456242,1.136545,1.203239,1.085597,1.247596,1.370948,0.983501,1.110287,0.874264,1.080652,1.194913,1.156574,1.154420,1.079962,1.045560,1.002698,1.128547,1.179879,1.074256,1.135968,1.203931,1.125863,1.167640,1.124038,1.052405,1.159884,1.222714,1.188587,1.219357,1.355050,1.136201,1.206744,0.000000,0.734444,0.759566,0.825895,1.046767,0.899755,0.987175,1.095892,1.040466,0.964435,1.006092,1.200447,0.904830,1.066087,0.951799,1.160884,1.084207,0.916378,0.978541,0.874866,0.975582,1.107834,1.119412,1.121859,0.989391,1.064292,1.128780,1.053237,1.037521,1.151458,1.093680,1.092343,1.046056,1.054068,1.062330,0.963322,0.999672,1.067534,0.963917
蓝/伤逝__chunk002,0.992666,0.859380,0.881547,0.847430,1.005517,0.968412,0.970236,1.160842,1.107388,1.067476,1.000106,0.948751,1.385336,1.101747,1.201413,1.037859,1.297638,1.342310,0.857466,1.064732,0.882283,1.127267,1.210863,1.198888,1.036536,1.160533,1.010364,0.991541,1.192576,1.287329,1.128890,1.188562,1.301214,1.173770,1.306497,1.240294,1.195997,1.130771,1.110181,1.213824,1.184081,1.346337,1.130958,1.170003,0.734444,0.000000,0.886987,0.957373,0.938545,0.898597,1.065995,1.063892,0.899834,0.835949,0.973839,1.190046,0.936487,0.990731,0.993731,1.201061,1.100318,0.867795,1.035345,0.917699,1.111537,1.154443,1.155199,1.189914,1.066666,1.078428,1.319563,1.188930,1.159760,1.254288,1.178201,1.184218,1.191498,1.201154,1.080516,1.035371,1.043701,1.100309,1.088276
蓝/伤逝__chunk003,1.031026,1.000824,0.900047,0.861749,0.907971,0.953271,1.023989,1.173358,1.036721,1.013558,1.078437,1.051419,1.413093,1.089697,1.173441,1.027697,1.157882,1.304838,0.981379,1.212728,0.844950,1.026321,1.255646,1.158511,1.134454,1.149468,1.054480,1.048274,1.183575,1.143239,1.069614,1.128987,1.250539,1.247493,1.286824,1.194400,1.102661,1.069438,1.222289,1.179894,1.179495,1.343088,1.151501,1.160655,0.759566,0.886987,0.000000,0.973986,0.984826,0.891818,1.044236,1.109776,1.054370,0.950578,0.963502,1.197806,1.005506,1.063785,0.964373,1.021393,1.099938,0.930822,1.076305,0.683632,1.067161,1.208831,1.127610,1.112124,1.015372,1.143878,1.144220,1.024786,1.042766,1.204481,1.090902,1.099402,1.063425,1.112509,1.111501,1.001130,1.021334,1.073288,0.937877
蓝/在酒楼上__chunk001,1.004832,1.027397,1.097276,1.132028,0.815537,1.037707,0.866356,1.002868,0.974882,0.995734,1.006554,1.051408,1.334858,1.090893,1.090868,0.946422,1.280997,1.385699,0.886419,0.903632,0.987732,1.064008,1.183710,1.211953,1.023516,1.137140,0.981055,0.973346,1.017407,1.065719,0.871659,0.921562,1.048911,1.179630,1.227076,1.083144,0.933830,0.909676,1.097416,1.013196,1.049840,1.315372,1.045460,1.013312,0.825895,0.957373,0.973986,0.000000,0.882449,0.828412,0.855018,0.908311,0.856488,0.909221,0.803373,1.056452,0.876803,0.898675,0.793482,1.051759,1.132832,0.851308,0.838875,0.820817,0.939472,1.090374,1.007702,1.163760,0.938102,1.048192,0.954357,0.873904,0.916188,1.009459,1.023753,1.088646,0.935639,0.844167,0.908072,0.867867,0.823343,0.983851,0.871434
蓝/在酒楼上__chunk002,1.094133,1.086000,1.080699,1.106865,1.147152,0.966962,1.038626,1.149269,1.158959,1.085168,1.116333,1.085490,1.559269,1.159999,1.187276,1.135064,1.367616,1.414471,1.066213,1.214301,1.111670,1.178526,1.314439,1.232052,1.072758,1.186462,0.938745,1.031679,1.183877,1.258891,1.121214,1.166526,1.249571,1.325509,1.360763,1.312104,1.209350,1.245861,1.282805,1.245289,1.209479,1.418140,1.215664,1.187427,1.046767,0.938545,0.984826,0.882449,0.000000,0.997213,1.147851,1.068325,0.922168,0.845530,0.991958,1.425103,0.859807,1.098040,1.072791,1.215501,1.229533,1.172259,1.174970,0.960528,1.017229,1.116783,1.156383,1.257083,0.926997,1.099116,1.266354,1.104052,1.146747,1.407516,1.217914,1.223823,1.269582,1.190501,1.187324,1.102521,1.068166,1.106068,1.134014
蓝/奔月__chunk001,1.124861,1.174939,1.039694,1.023481,0.950849,1.089700,0.620185,0.831688,0.964570,1.017186,1.075634,0.971201,1.191305,1.061290,1.058962,0.860652,1.272852,1.335476,1.043128,1.057033,1.035491,1.074848,1.202890,1.125103,0.913435,1.019086,0.836692,0.774643,1.038174,1.108239,0.839475,0.904750,1.064932,1.171150,1.212339,1.083886,1.003272,1.013355,1.124769,1.069094,0.948027,1.252925,0.889384,0.937912,0.899755,0.898597,0.891818,0.828412,0.997213,0.000000,0.740044,0.926626,0.868433,0.852081,0.849703,0.878146,0.879042,0.888604,0.824829,1.142232,1.028942,0.951501,0.961032,0.841646,0.890510,1.128597,0.958762,0.991362,0.771241,0.861659,0.967483,0.804222,0.809149,1.047290,1.084975,1.012810,0.922945,0.937525,0.930379,0.897727,0.852218,0.833452,0.737196
蓝/奔月__chunk002,1.241278,1.261074,1.233891,1.254528,1.038570,1.244375,0.840311,0.651517,1.032322,1.065816,1.204354,1.021119,1.346992,1.230780,1.082219,1.064007,1.352270,1.467189,1.158690,0.980797,1.102251,1.113547,1.202694,1.187761,1.062089,1.069921,0.994875,0.975401,0.915045,1.065002,0.813694,0.866544,1.024530,1.341748,1.206517,1.146839,0.953206,1.046617,1.147911,1.033606,0.946883,1.203532,1.107549,1.050951,0.987175,1.065995,1.044236,0.855018,1.147851,0.740044,0.000000,0.995278,1.004598,1.033891,0.863300,1.059643,0.937400,0.932052,0.816532,1.259559,1.198921,1.063021,0.868385,0.985579,1.003767,1.146322,0.920620,1.013711,0.900540,0.898893,0.788771,0.773843,0.788486,0.964668,1.179037,1.065300,1.008235,0.941032,0.940691,0.937112,0.912190,0.787605,0.925210
蓝/孤独者__chunk001,1.156465,1.156156,1.190048,1.238126,1.109045,1.235657,0.902192,0.973939,0.727249,0.992317,1.202312,0.856369,1.235404,1.027739,1.190249,1.071861,1.271876,1.347336,1.006321,1.047047,0.917710,1.066989,1.146227,1.268463,0.917834,1.092835,1.056988,1.033799,1.065896,1.220964,0.986167,0.944387,1.085190,1.105798,1.073945,0.988633,0.984676,0.951294,1.032073,0.988677,1.059351,1.235318,0.962838,0.957322,1.095892,1.063892,1.109776,0.908311,1.068325,0.926626,0.995278,0.000000,0.872688,1.013771,0.693141,1.102580,0.914619,0.994291,0.926894,1.138607,1.185624,0.811301,0.970517,0.852839,0.936446,1.115449,0.873687,1.166395,0.978984,1.058300,1.106376,1.008262,0.908898,0.987830,1.071451,1.055392,0.960077,0.951149,0.810448,0.788994,0.877994,1.016487,0.936410
蓝/孤独者__chunk002,1.080526,1.077340,1.070910,1.122781,1.008364,1.089587,0.905129,1.032488,0.969579,0.824736,1.072325,0.868379,1.203141,1.067146,1.060879,1.107924,1.153879,1.189082,0.971236,1.133614,0.990376,1.042828,1.103882,1.139920,0.997995,1.005830,0.972642,0.894035,1.048398,1.070071,1.031080,1.068569,1.126666,1.160611,1.272146,1.185414,1.099881,1.031396,1.074927,1.094091,1.039232,1.367098,1.089226,1.042916,1.040466,0.899834,1.054370,0.856488,0.922168,0.868433,1.004598,0.872688,0.000000,0.810941,0.806281,1.073479,0.812272,0.929090,1.009547,1.048999,0.994745,0.928637,1.094119,0.876642,1.024691,1.044330,0.899012,1.099226,0.891524,0.898464,1.176963,1.010618,1.041175,1.110990,1.016107,1.086563,1.086058,1.031068,0.917809,0.822561,0.914172,0.973135,0.922110
蓝/孤独者__chunk003,1.215229,1.044612,0.969709,1.046940,1.108904,1.052914,0.997222,1.089771,1.051108,1.000239,0.821313,1.099605,1.330596,1.116690,1.087824,1.140894,1.320548,1.347547,0.993473,1.144051,0.942227,1.111996,1.259936,1.261824,1.082286,1.058386,1.051375,0.953062,1.172124,1.263653,1.043608,1.077064,1.231951,1.214611,1.391782,1.326444,1.190326,1.184314,1.300975,1.267491,1.216616,1.460669,1.210200,1.242979,0.964435,0.835949,0.950578,0.909221,0.845530,0.852081,1.033891,1.013771,0.810941,0.000000,0.941701,1.228430,0.884851,1.020785,1.038382,1.234192,1.100098,0.937298,1.056029,0.808647,0.976882,1.151073,1.045595,0.972890,0.945391,1.004370,1.184557,1.022970,1.067720,1.225154,1.175338,1.232859,1.207018,1.093784,1.161703,1.054676,1.004659,1.139676,0.991656
蓝/孤独者__chunk004,1.149683,1.156533,1.157895,1.179127,0.965992,1.204772,0.880834,0.917580,0.838877,1.088231,1.136214,0.749717,1.212130,1.074076,1.096133,0.976182,1.241569,1.342826,0.962200,0.972840,0.925709,1.060889,1.216247,1.315108,1.008112,1.013703,0.954853,0.995844,0.959155,1.085302,0.883004,0.942062,1.039536,1.212549,1.137824,1.048066,1.004370,1.006286,1.070496,0.957619,1.049544,1.223114,0.985777,0.946412,1.006092,0.973839,0.963502,0.803373,0.991958,0.849703,0.863300,0.693141,0.806281,0.941701,0.000000,1.031795,0.842523,0.868087,0.815438,1.104421,1.103309,0.827422,0.866536,0.800553,0.926181,1.085343,0.865036,1.034810,0.841082,0.947128,0.861740,0.924247,0.887461,0.937137,1.058544,1.012772,0.907366,0.828071,0.791717,0.781273,0.818551,0.843854,0.862326
蓝/幸福的家庭__chunk001,1.295440,1.277678,1.260662,1.361190,1.214953,1.429363,0.997573,1.092203,1.091907,1.211171,1.316772,1.185077,0.780271,1.356151,1.320628,1.131771,1.398993,1.399478,1.192378,1.236794,1.204139,1.273026,1.384089,1.409848,1.102940,1.153960,1.120879,0.967741,1.148902,1.258495,1.087711,1.124176,1.131824,1.263578,1.295580,1.217703,1.150457,1.177025,1.234176,1.252334,1.257218,1.561744,1.174375,1.073413,1.200447,1.190046,1.197806,1.056452,1.425103,0.878146,1.059643,1.102580,1.073479,1.228430,1.031795,0.000000,1.205290,1.087898,0.992097,1.212911,1.164563,1.068883,1.100427,1.076612,0.987898,1.355001,1.078064,1.158018,1.060019,0.957866,1.069156,1.111364,1.042100,1.075854,1.167010,1.141734,1.110394,1.174828,0.937010,0.966475,1.060154,1.135606,1.012534
蓝/故乡__chunk001,1.058903,1.069785,1.167360,1.096643,1.074374,1.089090,0.828367,0.957517,1.005703,0.927759,1.119188,0.970865,1.447276,0.902909,1.006783,1.083302,1.210051,1.231070,1.045609,1.020599,1.007336,1.053370,1.320918,1.257467,1.003810,0.989122,0.895343,0.909251,1.013787,1.104035,0.983951,1.077006,1.189281,1.308035,1.286981,1.202296,1.190983,1.057729,1.174815,1.113020,1.194493,1.389221,0.964868,1.010582,0.904830,0.936487,1.005506,0.876803,0.859807,0.879042,0.937400,0.914619,0.812272,0.884851,0.842523,1.205290,0.000000,0.916156,1.004414,1.111082,0.972245,0.931527,1.008821,0.900054,0.843168,1.060055,0.964686,1.041728,0.819885,0.877709,1.147706,0.995074,1.049090,1.201562,1.200158,1.206393,1.095468,1.100748,1.034849,0.895754,1.053823,0.996797,0.865609
蓝/故乡__chunk002,1.128582,1.062322,1.151889,1.237805,1.152260,1.125315,0.907497,0.997169,0.988729,1.077438,1.190377,0.956427,1.311171,1.094951,0.910137,1.068534,1.287579,1.310436,1.093255,0.976575,1.049781,1.136499,1.296579,1.273826,0.999518,1.067730,1.031890,0.935655,1.020287,1.172359,0.991834,1.007943,1.224461,1.248926,1.164975,1.092568,1.038756,1.037156,1.032928,0.964806,1.077757,1.274863,1.058605,0.975468,1.066087,0.990731,1.063785,0.898675,1.098040,0.888604,0.932052,0.994291,0.929090,1.020785,0.868087,1.087898,0.916156,0.000000,1.041520,1.199484,1.095097,1.017635,0.935419,0.973053,1.072936,1.205670,0.963505,1.100828,1.039288,1.032463,1.094316,1.021400,0.954044,1.138576,1.091003,1.080573,0.964196,1.005561,0.952268,0.856589,0.903706,1.040509,0.924905
蓝/明天__chunk001,1.153242,1.117573,1.143569,1.176553,1.031908,1.134555,0.930783,1.008685,0.995057,1.093776,1.253282,1.051602,1.262669,1.184333,1.230580,0.788891,1.440513,1.551987,1.098759,0.975775,1.082723,1.019559,1.153419,1.193858,1.078698,1.116372,1.052448,0.936178,1.021900,0.961296,0.915970,0.975004,1.038685,1.260487,1.211778,1.107928,1.065109,0.970672,1.169056,0.999657,1.049091,1.255426,0.951866,0.905698,0.951799,0.993731,0.964373,0.793482,1.072791,0.824829,0.816532,0.926894,1.009547,1.038382,0.815438,0.992097,1.004414,1.041520,0.000000,1.225299,1.234763,0.926636,0.916059,0.929410,0.872218,1.099638,0.926600,1.105231,0.953116,0.948185,0.865620,0.913355,0.846587,0.900009,1.037851,0.952831,0.903982,0.780586,0.849454,0.835299,0.858941,0.886831,0.790890
蓝/狂人日记__chunk001,1.206730,1.250759,1.204813,1.190948,1.170747,1.190918,1.138303,1.324894,1.143107,1.106983,1.114430,1.102966,1.243490,1.146494,1.261934,1.258192,0.840416,1.080723,1.103239,1.350426,1.089723,1.186945,1.166740,1.268930,1.124979,1.175985,1.193403,1.074913,1.247457,1.247478,1.288116,1.178827,1.199994,1.215855,1.266295,1.201649,1.252697,1.132288,1.070954,1.209231,1.331498,1.412197,1.225892,1.140210,1.160884,1.201061,1.021393,1.051759,1.215501,1.142232,1.259559,1.138607,1.048999,1.234192,1.104421,1.212911,1.111082,1.199484,1.225299,0.000000,1.043762,1.056073,1.316618,1.006447,1.252785,1.417626,1.133947,1.190237,1.123317,1.179998,1.320054,1.252948,1.169848,1.250499,1.094926,1.285656,1.256523,1.274555,1.069214,1.088849,1.187476,1.244129,1.125626
蓝/狂人日记__chunk002,1.216424,1.279147,1.277834,1.242844,1.253198,1.206268,1.099376,1.194321,1.038528,1.087538,1.152825,1.071043,1.418858,1.202023,1.148999,1.230508,1.153801,0.929584,1.194271,1.332789,1.079773,1.210988,1.309203,1.364251,1.028555,1.007318,1.013487,1.075742,1.268876,1.221471,1.206742,1.277942,1.260638,1.290163,1.387125,1.183755,1.321477,1.227852,1.210877,1.297852,1.272062,1.501334,1.238895,1.099904,1.084207,1.100318,1.099938,1.132832,1.229533,1.028942,1.198921,1.185624,0.994745,1.100098,1.103309,1.164563,0.972245,1.095097,1.234763,1.043762,0.000000,1.101719,1.351680,1.009258,1.148079,1.215567,1.079506,1.137631,1.070178,1.191866,1.282982,1.126874,1.191083,1.298060,1.195148,1.256315,1.142432,1.310163,1.208036,1.057137,1.183439,1.249130,1.068528
蓝/社戏__chunk001,1.054551,1.085365,0.936725,1.198169,1.003341,1.227679,0.966497,1.056393,0.922862,1.102152,1.071305,1.012823,1.245153,1.105639,1.259029,1.173785,1.198270,1.350334,0.736207,0.957490,1.001262,1.141120,1.249730,1.291795,1.044462,1.139776,1.161398,1.028554,1.152568,1.264570,1.092614,1.060709,1.172334,1.177496,1.245253,1.226413,1.087427,1.054743,1.171768,1.150072,1.203437,1.348965,1.089990,1.103287,0.916378,0.867795,0.930822,0.851308,1.172259,0.951501,1.063021,0.811301,0.928637,0.937298,0.827422,1.068883,0.931527,1.017635,0.926636,1.056073,1.101719,0.000000,0.922010,0.807429,0.923993,1.276036,1.014375,1.207775,0.989774,1.063252,1.203819,1.163499,1.072480,1.031336,1.100192,1.100734,1.044227,1.008078,0.849118,0.858291,0.938555,1.028348,0.885510
蓝/社戏__chunk002,1.241428,1.203839,1.272829,1.331518,1.173212,1.302176,1.021259,1.100680,1.052622,1.231569,1.340044,1.201097,1.448018,1.265886,1.239888,1.149654,1.490616,1.663653,1.164975,0.857804,1.244696,1.221399,1.359517,1.374147,1.133359,1.164957,1.194579,1.048609,1.066354,1.169970,0.997166,0.907079,1.052709,1.397228,1.359199,1.227405,1.100024,1.064959,1.237509,1.110862,1.222144,1.443385,1.083267,1.070938,0.978541,1.035345,1.076305,0.838875,1.174970,0.961032,0.868385,0.970517,1.094119,1.056029,0.866536,1.100427,1.008821,0.935419,0.916059,1.316618,1.351680,0.922010,0.000000,0.969646,0.938834,1.224963,0.974047,1.111575,0.958397,1.072394,0.825917,0.994703,0.887117,0.917880,1.191778,1.076255,1.113535,0.953369,0.987658,0.928535,0.924922,1.031867,0.887754
蓝/祝福__chunk001,1.021595,1.001435,0.970196,1.066589,1.010706,0.980915,0.953937,1.036817,0.945794,0.942512,0.998125,1.002208,1.276908,0.966278,1.094534,1.046473,1.203729,1.281368,0.914316,1.087195,0.721033,0.929102,1.212096,1.120953,1.098224,0.988706,1.007520,0.957948,1.088157,1.039997,0.942594,0.965952,1.220986,1.076539,1.133923,1.020678,1.043318,0.955023,1.113379,1.059566,1.126988,1.304072,1.067523,1.051642,0.874866,0.917699,0.683632,0.820817,0.960528,0.841646,0.985579,0.852839,0.876642,0.808647,0.800553,1.076612,0.900054,0.973053,0.929410,1.006447,1.009258,0.807429,0.969646,0.000000,0.912026,1.199322,1.002075,1.045465,0.928198,1.009821,1.046938,1.029155,0.973720,1.088900,0.968691,1.075158,0.900693,0.975992,0.887951,0.856880,0.791051,0.944351,0.837954
蓝/祝福__chunk002,1.108491,1.195243,1.151092,1.304256,1.153815,1.193473,0.985030,1.090480,1.009598,1.070961,1.244246,1.052710,1.269631,1.186266,1.266270,1.001525,1.396978,1.451757,1.070876,0.980819,1.075492,0.958371,1.217112,1.132805,1.073847,1.031714,0.967308,1.015208,1.098438,1.077938,1.152950,1.086845,1.144858,1.361857,1.220625,1.205947,1.106448,1.074630,1.242656,1.164462,1.213898,1.494697,1.077989,1.045531,0.975582,1.111537,1.067161,0.939472,1.017229,0.890510,1.003767,0.936446,1.024691,0.976882,0.926181,0.987898,0.843168,1.072936,0.872218,1.252785,1.148079,0.923993,0.938834,0.912026,0.000000,1.083288,0.984977,1.065971,0.811220,0.928772,1.055922,1.013155,1.071525,0.993058,1.249186,1.154586,1.108270,1.130898,0.930202,0.983782,0.988059,1.094624,0.857042
蓝/祝福__chunk003,1.247114,1.237234,1.329888,1.260950,1.218502,1.164204,1.131555,1.130900,1.240279,1.173394,1.293520,1.062918,1.430571,1.293405,1.191985,1.183452,1.471126,1.402442,1.233888,1.205848,1.240861,1.119164,1.012528,1.132710,1.226295,1.266305,1.130510,1.188941,1.134166,1.239319,1.096916,1.280649,1.305175,1.458921,1.382814,1.254231,1.118058,1.267861,1.339772,1.208469,1.156281,1.470140,1.136665,1.128275,1.107834,1.154443,1.208831,1.090374,1.116783,1.128597,1.146322,1.115449,1.044330,1.151073,1.085343,1.355001,1.060055,1.205670,1.099638,1.417626,1.215567,1.276036,1.224963,1.199322,1.083288,0.000000,1.197829,1.206694,1.045777,1.196173,1.244655,1.031722,1.206108,1.281442,1.374746,1.242812,1.269072,1.193384,1.172686,1.202850,1.188215,1.193922,1.109612
蓝/离婚__chunk001,1.237286,1.334891,1.254730,1.328111,1.193586,1.260893,0.921253,1.008664,1.014786,1.059918,1.273916,1.103620,1.252069,1.213651,1.190762,1.085275,1.245958,1.356310,1.268499,1.112042,1.161601,1.140349,1.318926,1.298839,0.795528,0.977597,0.999350,0.879784,1.060229,1.110084,0.964525,0.893516,1.019301,1.297540,1.288819,1.236052,1.161510,1.081172,1.136026,1.159948,1.151720,1.416339,0.963116,1.002744,1.119412,1.155199,1.127610,1.007702,1.156383,0.958762,0.920620,0.873687,0.899012,1.045595,0.865036,1.078064,0.964686,0.963505,0.926600,1.133947,1.079506,1.014375,0.974047,1.002075,0.984977,1.197829,0.000000,0.857753,0.869691,0.931527,1.081030,1.003985,0.880502,0.953281,1.137027,1.054620,1.060249,0.944100,0.949638,0.786471,1.019888,1.055829,0.813117
蓝/离婚__chunk002,1.278723,1.287403,1.305334,1.261786,1.228116,1.234563,0.944665,1.067567,1.155470,1.134978,1.131899,1.194098,1.254302,1.225635,1.209614,1.168295,1.317045,1.367090,1.248788,1.223497,1.153116,1.208579,1.385064,1.335570,1.054869,0.868491,1.039675,0.936184,1.041160,1.141273,1.074415,1.074644,1.060675,1.277429,1.348585,1.215885,1.135516,1.155713,1.301442,1.296275,1.219940,1.488082,1.076974,1.078050,1.121859,1.189914,1.112124,1.163760,1.257083,0.991362,1.013711,1.166395,1.099226,0.972890,1.034810,1.158018,1.041728,1.100828,1.105231,1.190237,1.137631,1.207775,1.111575,1.045465,1.065971,1.206694,0.857753,0.000000,0.973034,0.985229,0.983207,1.024862,1.071839,1.070818,1.121679,1.224936,1.232994,1.132543,1.200136,1.014956,1.103187,1.078561,1.009543
蓝/肥皂__chunk001,1.198743,1.173496,1.082673,1.188303,1.098972,1.107178,0.894927,0.968915,1.065466,1.046875,1.204073,1.035498,1.247633,1.083474,1.091323,1.046932,1.330728,1.311269,1.092507,1.100788,1.165117,1.124434,1.267042,1.131143,0.926567,0.945393,0.719698,0.857909,1.109732,1.116790,0.976022,1.056482,1.050970,1.344386,1.312477,1.216412,1.139706,1.117329,1.182126,1.129635,1.172945,1.423388,0.907871,1.023843,0.989391,1.066666,1.015372,0.938102,0.926997,0.771241,0.900540,0.978984,0.891524,0.945391,0.841082,1.060019,0.819885,1.039288,0.953116,1.123317,1.070178,0.989774,0.958397,0.928198,0.811220,1.045777,0.869691,0.973034,0.000000,0.844117,0.978616,0.883512,0.942075,1.062525,1.218855,1.139389,1.034263,0.966685,0.968693,0.912910,0.951744,0.962344,0.825888
蓝/肥皂__chunk002,1.275642,1.287275,1.237750,1.321201,1.207174,1.339026,0.893235,1.070150,1.154981,1.102066,1.223596,1.152957,1.207766,1.178886,1.228438,1.114257,1.402789,1.350489,1.214179,1.204475,1.183692,1.233734,1.410869,1.247915,0.936742,1.013593,0.935918,0.673568,1.126059,1.106387,1.022680,1.022628,1.124022,1.271439,1.338692,1.310460,1.240817,1.171093,1.305224,1.220914,1.288699,1.512435,1.038325,1.143951,1.064292,1.078428,1.143878,1.048192,1.099116,0.861659,0.898893,1.058300,0.898464,1.004370,0.947128,0.957866,0.877709,1.032463,0.948185,1.179998,1.191866,1.063252,1.072394,1.009821,0.928772,1.196173,0.931527,0.985229,0.844117,0.000000,1.039717,0.950100,0.986758,1.079274,1.151721,1.277011,1.142387,1.073194,0.957923,0.948117,1.073013,1.041689,0.839447
蓝/药__chunk001,1.338540,1.403021,1.417914,1.424386,1.249392,1.427625,1.048149,1.041416,1.090355,1.320763,1.415078,1.172831,1.351552,1.320077,1.354572,1.100245,1.439081,1.575686,1.301182,1.116133,1.249297,1.327918,1.495584,1.451692,1.096363,1.180698,1.216919,1.067689,0.788188,1.200101,0.903677,0.922520,1.019372,1.386718,1.324189,1.199458,1.113602,1.121653,1.304416,1.194804,1.153966,1.382590,1.140636,1.151076,1.128780,1.319563,1.144220,0.954357,1.266354,0.967483,0.788771,1.106376,1.176963,1.184557,0.861740,1.069156,1.147706,1.094316,0.865620,1.320054,1.282982,1.203819,0.825917,1.046938,1.055922,1.244655,1.081030,0.983207,0.978616,1.039717,0.000000,0.870939,0.811460,0.882392,1.220891,1.033058,1.025819,0.947889,0.977717,0.933365,0.952397,0.892054,0.928035
蓝/铸剑__chunk001,1.271521,1.261879,1.287054,1.328610,1.115816,1.222368,0.850128,0.883210,1.022565,1.063386,1.163196,1.019741,1.192715,1.164208,1.117863,0.971388,1.364183,1.447469,1.115458,1.038657,1.176150,1.288562,1.304738,1.145971,1.100525,1.176419,0.922222,0.995571,0.924347,1.218223,0.563117,0.904511,0.980190,1.223498,1.182791,1.137418,1.016218,1.049114,1.160373,1.012782,1.090954,1.360290,1.050717,1.000537,1.053237,1.188930,1.024786,0.873904,1.104052,0.804222,0.773843,1.008262,1.010618,1.022970,0.924247,1.111364,0.995074,1.021400,0.913355,1.252948,1.126874,1.163499,0.994703,1.029155,1.013155,1.031722,1.003985,1.024862,0.883512,0.950100,0.870939,0.000000,0.777746,0.941974,1.079266,1.061232,0.920221,0.936513,1.031108,0.954007,0.854810,0.929295,0.882330
蓝/铸剑__chunk002,1.226871,1.285015,1.210876,1.313804,1.072454,1.265722,0.924924,0.908326,0.920708,1.131384,1.207058,1.086999,1.305048,1.177114,1.178840,1.049601,1.275749,1.446790,1.206875,1.097677,1.148044,1.204381,1.290123,1.277956,0.972801,1.156688,1.056910,0.911987,0.945378,1.122363,0.762087,0.536939,0.924373,1.151251,1.153935,1.080124,1.028518,1.005036,1.188977,1.024642,1.047338,1.258054,0.914002,1.047082,1.037521,1.159760,1.042766,0.916188,1.146747,0.809149,0.788486,0.908898,1.041175,1.067720,0.887461,1.042100,1.049090,0.954044,0.846587,1.169848,1.191083,1.072480,0.887117,0.973720,1.071525,1.206108,0.880502,1.071839,0.942075,0.986758,0.811460,0.777746,0.000000,0.859178,0.980534,0.968402,0.900795,0.807232,0.895440,0.908355,0.838490,0.923060,0.872498
蓝/铸剑__chunk003,1.348283,1.402097,1.362599,1.384891,1.173644,1.431973,1.045136,1.079373,1.019340,1.309488,1.345012,1.106936,1.281478,1.320528,1.369951,1.082961,1.351185,1.511370,1.263703,1.018691,1.182354,1.247551,1.367795,1.407787,1.104816,1.221029,1.200072,1.104932,0.962544,1.137268,1.006722,0.899745,0.656276,1.416329,1.271676,1.233095,1.141508,1.159959,1.252008,1.127421,1.240121,1.396302,1.132213,1.095516,1.151458,1.254288,1.204481,1.009459,1.407516,1.047290,0.964668,0.987830,1.110990,1.225154,0.937137,1.075854,1.201562,1.138576,0.900009,1.250499,1.298060,1.031336,0.917880,1.088900,0.993058,1.281442,0.953281,1.070818,1.062525,1.079274,0.882392,0.941974,0.859178,0.000000,1.204639,1.092821,1.016951,1.062759,1.029209,0.944688,1.004582,1.065093,0.914401
蓝/阿Q正传__chunk001,1.128381,1.186381,1.218097,1.231898,1.059779,1.164988,1.013660,1.133297,0.967919,1.094912,1.023741,1.172028,1.271639,1.194510,1.288249,1.107618,1.226413,1.295904,1.165595,1.281725,1.041683,1.077646,1.276591,1.198900,1.068058,1.103863,1.071100,0.985712,1.151095,1.251444,1.030618,1.060702,1.210271,0.691744,0.889096,0.856739,0.958673,0.939592,0.987584,1.069244,1.042471,1.167669,1.118306,1.076672,1.093680,1.178201,1.090902,1.023753,1.217914,1.084975,1.179037,1.071451,1.016107,1.175338,1.058544,1.167010,1.200158,1.091003,1.037851,1.094926,1.195148,1.100192,1.191778,0.968691,1.249186,1.374746,1.137027,1.121679,1.218855,1.151721,1.220891,1.079266,0.980534,1.204639,0.000000,0.924972,0.900780,0.898221,0.870270,0.865207,0.858554,0.997660,0.990141
蓝/阿Q正传__chunk002,1.230620,1.249372,1.292043,1.364294,1.267398,1.296031,1.043716,1.103655,1.013436,1.255342,1.308733,1.130775,1.314717,1.324183,1.370283,1.125665,1.439716,1.529994,1.189839,1.218729,1.175709,1.211391,1.333560,1.246083,1.156324,1.259469,1.199588,1.190376,1.145001,1.361483,1.068266,1.091027,1.181284,1.021123,0.861020,0.945312,0.909415,0.947100,1.046206,0.973824,0.948342,1.200722,1.077537,1.132899,1.092343,1.184218,1.099402,1.088646,1.223823,1.012810,1.065300,1.055392,1.086563,1.232859,1.012772,1.141734,1.206393,1.080573,0.952831,1.285656,1.256315,1.100734,1.076255,1.075158,1.154586,1.242812,1.054620,1.224936,1.139389,1.277011,1.033058,1.061232,0.968402,1.092821,0.924972,0.000000,0.724016,0.837559,0.859256,0.952495,0.762461,0.874809,0.917804
蓝/阿Q正传__chunk003,1.201943,1.215538,1.265352,1.303144,1.120385,1.259462,0.968018,1.033234,0.896237,1.127432,1.169034,1.128043,1.315674,1.138267,1.178276,1.066580,1.459031,1.497591,1.125646,1.184632,1.020109,1.122752,1.315096,1.237206,1.083102,1.111266,1.102310,1.102479,1.080839,1.235005,0.950579,0.979948,1.179564,1.080835,0.953572,0.750385,0.903085,0.871889,0.977187,0.892774,0.950941,1.123269,1.033792,1.044690,1.046056,1.191498,1.063425,0.935639,1.269582,0.922945,1.008235,0.960077,1.086058,1.207018,0.907366,1.110394,1.095468,0.964196,0.903982,1.256523,1.142432,1.044227,1.113535,0.900693,1.108270,1.269072,1.060249,1.232994,1.034263,1.142387,1.025819,0.920221,0.900795,1.016951,0.900780,0.724016,0.000000,0.746088,0.807148,0.833353,0.739145,0.807316,0.870692
蓝/阿Q正传__chunk004,1.308779,1.326015,1.301536,1.361897,1.062776,1.308599,0.949139,1.034158,1.013433,1.232550,1.193238,1.142044,1.384344,1.331818,1.268315,1.043172,1.483870,1.638882,1.204563,1.132336,1.227512,1.235704,1.316226,1.387690,1.132696,1.221338,1.151068,1.103114,1.002737,1.220889,0.955214,0.993625,1.069861,1.128443,1.141466,0.926843,0.848646,0.883109,1.044491,0.903301,0.984899,1.260735,1.038352,0.994868,1.054068,1.201154,1.112509,0.844167,1.190501,0.937525,0.941032,0.951149,1.031068,1.093784,0.828071,1.174828,1.100748,1.005561,0.780586,1.274555,1.310163,1.008078,0.953369,0.975992,1.130898,1.193384,0.944100,1.132543,0.966685,1.073194,0.947889,0.936513,0.807232,1.062759,0.898221,0.837559,0.746088,0.000000,0.826576,0.807344,0.686778,0.820756,0.856485
蓝/阿Q正传__chunk005,1.128546,1.113612,1.111168,1.340737,0.955943,1.196763,1.016475,0.952412,0.911542,1.052499,1.183698,0.986673,1.179224,1.069564,1.162516,0.993180,1.265012,1.340384,1.003485,1.008652,1.002167,1.027742,1.182331,1.253013,0.948510,0.991967,1.055608,0.970957,0.969968,1.183880,0.981033,0.969353,1.072270,1.009052,0.916136,0.937615,0.831669,0.690901,0.856929,0.865036,0.909835,1.125584,0.879857,0.952197,1.062330,1.080516,1.111501,0.908072,1.187324,0.930379,0.940691,0.810448,0.917809,1.161703,0.791717,0.937010,1.034849,0.952268,0.849454,1.069214,1.208036,0.849118,0.987658,0.887951,0.930202,1.172686,0.949638,1.200136,0.968693,0.957923,0.977717,1.031108,0.895440,1.029209,0.870270,0.859256,0.807148,0.826576,0.000000,0.716413,0.747224,0.826522,0.801962
蓝/阿Q正传__chunk006,1.143138,1.132792,1.119503,1.300677,1.027280,1.193693,0.956036,1.018691,0.851137,1.088473,1.196388,0.984878,1.290604,1.091424,1.096044,0.923074,1.203279,1.340275,1.084282,0.993111,1.034998,1.134669,1.275112,1.184907,0.930424,1.020969,1.072281,0.934207,0.973490,1.058847,0.881678,0.919103,1.070442,1.018779,1.057282,0.988650,0.925966,0.854746,0.807542,0.952315,1.002137,1.197227,0.977174,0.977356,0.963322,1.035371,1.001130,0.867867,1.102521,0.897727,0.937112,0.788994,0.822561,1.054676,0.781273,0.966475,0.895754,0.856589,0.835299,1.088849,1.057137,0.858291,0.928535,0.856880,0.983782,1.202850,0.786471,1.014956,0.912910,0.948117,0.933365,0.954007,0.908355,0.944688,0.865207,0.952495,0.833353,0.807344,0.716413,0.000000,0.752469,0.723323,0.795753
蓝/阿Q正传__chunk007,1.216913,1.120812,1.160203,1.311747,1.071089,1.138904,0.897548,0.922214,0.902114,1.095045,1.082616,0.976999,1.203682,1.193474,1.104519,1.034971,1.396317,1.417249,0.994631,1.122753,1.063216,1.142934,1.221599,1.226347,1.092705,1.091131,1.045720,1.025623,0.993454,1.132151,0.896170,0.932073,1.120211,1.042466,0.930562,0.892367,0.812040,0.805999,0.999219,0.723998,0.865083,1.031366,1.021568,1.018710,0.999672,1.043701,1.021334,0.823343,1.068166,0.852218,0.912190,0.877994,0.914172,1.004659,0.818551,1.060154,1.053823,0.903706,0.858941,1.187476,1.183439,0.938555,0.924922,0.791051,0.988059,1.188215,1.019888,1.103187,0.951744,1.073013,0.952397,0.854810,0.838490,1.004582,0.858554,0.762461,0.739145,0.686778,0.747224,0.752469,0.000000,0.755480,0.811489
蓝/阿Q正传__chunk008,1.229084,1.178517,1.200435,1.309828,1.075053,1.239397,0.934693,0.840210,1.039814,1.117939,1.233420,0.953126,1.318856,1.100397,1.145240,1.003023,1.282097,1.404096,1.107165,1.026751,1.121141,1.116322,1.283837,1.231179,1.055706,1.084932,1.068548,1.020611,0.878440,1.125954,0.867125,0.938793,1.052104,1.112575,1.040892,0.903778,0.848469,0.892074,0.980173,0.905087,0.640228,1.078703,0.975550,1.014799,1.067534,1.100309,1.073288,0.983851,1.106068,0.833452,0.787605,1.016487,0.973135,1.139676,0.843854,1.135606,0.996797,1.040509,0.886831,1.244129,1.249130,1.028348,1.031867,0.944351,1.094624,1.193922,1.055829,1.078561,0.962344,1.041689,0.892054,0.929295,0.923060,1.065093,0.997660,0.874809,0.807316,0.820756,0.826522,0.723323,0.755480,0.000000,0.902381
蓝/风波__chunk001,1.161357,1.207293,1.094582,1.245777,1.078471,1.165888,0.843577,0.975761,0.995311,1.116617,1.150010,1.105915,1.225304,1.091739,1.194791,0.958736,1.324482,1.403178,1.164345,1.071849,1.110418,1.050074,1.263591,1.097073,0.852757,0.895073,0.997797,0.816003,0.992598,0.970154,0.847361,0.941251,0.997305,1.171054,1.171675,1.023610,1.011950,0.944913,1.097700,0.959915,1.061613,1.300939,0.676987,0.854853,0.963917,1.088276,0.937877,0.871434,1.134014,0.737196,0.925210,0.936410,0.922110,0.991656,0.862326,1.012534,0.865609,0.924905,0.790890,1.125626,1.068528,0.885510,0.887754,0.837954,0.857042,1.109612,0.813117,1.009543,0.825888,0.839447,0.928035,0.882330,0.872498,0.914401,0.990141,0.917804,0.870692,0.856485,0.801962,0.795753,0.811489,0.902381,0.000000
