scale,sample,group,word_length_dist,function_word_freq,char_ngrams,word_bigrams,sentence_stats,punct_dist,ttr,hapax_ratio,weighted_total
1k,杨戴/伤逝__chunk001,杨戴,0.998165,0.907144,0.859237,0.652168,0.899673,0.992321,0.969424,0.978707,0.897440
1k,杨戴/伤逝__chunk002,杨戴,0.996849,0.855004,0.838194,0.617002,0.894551,0.991506,0.986057,0.996764,0.877271
1k,杨戴/伤逝__chunk003,杨戴,0.995730,0.919115,0.898423,0.755093,0.963404,0.988624,0.983337,0.958118,0.924366
1k,杨戴/伤逝__chunk004,杨戴,0.998146,0.891083,0.861816,0.631541,0.894469,0.997354,0.935224,0.901964,0.882632
1k,杨戴/伤逝__chunk005,杨戴,0.998391,0.900006,0.896397,0.663805,0.919895,0.994760,0.999687,0.945038,0.902656
1k,杨戴/伤逝__chunk006,杨戴,0.995068,0.900421,0.910521,0.792340,0.882263,0.989983,0.931125,0.873489,0.907521
1k,杨戴/伤逝__chunk007,杨戴,0.996699,0.888948,0.882483,0.668147,0.837137,0.994057,0.905271,0.816191,0.874859
1k,杨戴/在酒楼上__chunk001,杨戴,0.992969,0.918099,0.909326,0.805772,0.859739,0.988592,0.983337,0.938631,0.920587
1k,杨戴/在酒楼上__chunk002,杨戴,0.996113,0.933505,0.909911,0.728488,0.880851,0.988953,0.948040,0.855917,0.908459
1k,杨戴/在酒楼上__chunk003,杨戴,0.997572,0.915828,0.886794,0.711214,0.837894,0.981120,0.945664,0.913700,0.896736
1k,杨戴/在酒楼上__chunk004,杨戴,0.996422,0.863883,0.890582,0.596580,0.871182,0.986634,0.971982,0.929181,0.871594
1k,杨戴/在酒楼上__chunk005,杨戴,0.988120,0.899412,0.852302,0.663509,0.781675,0.979886,0.908266,0.910423,0.872275
1k,杨戴/奔月__chunk001,杨戴,0.998533,0.973573,0.883819,0.751202,0.811571,0.968414,0.988433,0.996029,0.923860
1k,杨戴/奔月__chunk002,杨戴,0.995355,0.934748,0.908356,0.659290,0.702755,0.948958,0.916170,0.902174,0.873616
1k,杨戴/奔月__chunk003,杨戴,0.991292,0.949837,0.876181,0.683336,0.681076,0.972181,0.914931,0.854617,0.878548
1k,杨戴/奔月__chunk004,杨戴,0.994978,0.951328,0.898618,0.792159,0.677827,0.977479,0.987647,0.954935,0.909567
1k,杨戴/孤独者__chunk001,杨戴,0.995236,0.957827,0.916817,0.834675,0.944962,0.986155,0.954350,0.922987,0.941917
1k,杨戴/孤独者__chunk002,杨戴,0.994641,0.966772,0.926522,0.766605,0.956935,0.990248,0.897374,0.831520,0.926357
1k,杨戴/孤独者__chunk003,杨戴,0.989765,0.911767,0.892545,0.700131,0.782744,0.991116,0.967048,0.971484,0.894374
1k,杨戴/孤独者__chunk004,杨戴,0.995017,0.889180,0.866339,0.587131,0.750904,0.993829,0.983337,0.964795,0.868381
1k,杨戴/孤独者__chunk005,杨戴,0.993563,0.918338,0.912442,0.686602,0.835734,0.989701,0.956519,0.910842,0.896693
1k,杨戴/孤独者__chunk006,杨戴,0.987504,0.797624,0.834655,0.482802,0.813430,0.996252,0.981304,0.992459,0.830725
1k,杨戴/孤独者__chunk007,杨戴,0.997787,0.933096,0.892699,0.684974,0.917478,0.987942,0.956519,0.941823,0.909771
1k,杨戴/孤独者__chunk008,杨戴,0.992589,0.944433,0.876380,0.732285,0.845621,0.990680,0.875759,0.822405,0.898111
1k,杨戴/幸福的家庭__chunk001,杨戴,0.989454,0.908607,0.881871,0.638482,0.831386,0.969542,0.983337,0.951533,0.885874
1k,杨戴/幸福的家庭__chunk002,杨戴,0.991629,0.904318,0.900560,0.681982,0.948231,0.990578,0.987631,0.939126,0.906913
1k,杨戴/幸福的家庭__chunk003,杨戴,0.995657,0.911331,0.863371,0.594320,0.902574,0.985509,0.962778,0.971939,0.888240
1k,杨戴/故乡__chunk001,杨戴,0.995245,0.955736,0.910937,0.741232,0.639116,0.985047,0.993185,0.974986,0.902713
1k,杨戴/故乡__chunk002,杨戴,0.996211,0.936600,0.896214,0.768514,0.917343,0.997512,0.993185,0.999625,0.931350
1k,杨戴/故乡__chunk003,杨戴,0.994110,0.904470,0.884678,0.652602,0.913067,0.982064,0.971800,0.946203,0.895983
1k,杨戴/故乡__chunk004,杨戴,0.990118,0.963334,0.894908,0.761775,0.811178,0.975640,0.952974,0.996107,0.919590
1k,杨戴/明天__chunk001,杨戴,0.990937,0.931072,0.895849,0.580788,0.903193,0.950252,0.994961,0.985930,0.891976
1k,杨戴/明天__chunk002,杨戴,0.991980,0.931597,0.881906,0.557537,0.929011,0.979118,0.966082,0.993451,0.892453
1k,杨戴/明天__chunk003,杨戴,0.969073,0.865723,0.866411,0.535790,0.910775,0.995493,0.893176,0.896392,0.854852
1k,杨戴/狂人日记__chunk001,杨戴,0.984341,0.904232,0.879328,0.692028,0.796434,0.995661,0.964672,0.985930,0.892230
1k,杨戴/狂人日记__chunk002,杨戴,0.994572,0.886271,0.864369,0.625755,0.921262,0.985188,0.891015,0.848694,0.873861
1k,杨戴/狂人日记__chunk003,杨戴,0.994720,0.881872,0.905195,0.633497,0.857207,0.986937,0.993185,0.985395,0.886667
1k,杨戴/狂人日记__chunk004,杨戴,0.995950,0.877564,0.868163,0.719175,0.966048,0.996521,0.908197,0.854365,0.893769
1k,杨戴/社戏__chunk001,杨戴,0.993812,0.912204,0.908690,0.726940,0.817956,0.991351,0.962296,0.953426,0.901917
1k,杨戴/社戏__chunk002,杨戴,0.996573,0.936394,0.886687,0.720131,0.799795,0.986996,0.952792,0.924535,0.902464
1k,杨戴/社戏__chunk003,杨戴,0.996380,0.910655,0.858670,0.816040,0.882764,0.991064,0.982287,0.961611,0.921419
1k,杨戴/社戏__chunk004,杨戴,0.997872,0.928885,0.890390,0.722496,0.881377,0.984771,0.988433,0.975095,0.914798
1k,杨戴/祝福__chunk001,杨戴,0.995156,0.941945,0.860674,0.793878,0.801799,0.994468,0.918927,0.849374,0.907926
1k,杨戴/祝福__chunk002,杨戴,0.987386,0.832710,0.865758,0.628279,0.886734,0.976186,0.955168,0.910089,0.862204
1k,杨戴/祝福__chunk003,杨戴,0.991642,0.854284,0.884705,0.621623,0.751811,0.985035,0.990279,0.988914,0.864338
1k,杨戴/祝福__chunk004,杨戴,0.993210,0.902339,0.895905,0.645707,0.891155,0.994395,0.888639,0.783688,0.877997
1k,杨戴/祝福__chunk005,杨戴,0.992226,0.912648,0.908976,0.762608,0.887601,0.995831,0.948989,0.918230,0.911802
1k,杨戴/祝福__chunk006,杨戴,0.994467,0.911711,0.887753,0.706470,0.732794,0.976691,0.926656,0.892032,0.880368
1k,杨戴/祝福__chunk007,杨戴,0.994021,0.875005,0.898502,0.565447,0.951343,0.992328,0.957544,0.949815,0.878874
1k,杨戴/离婚__chunk001,杨戴,0.987489,0.936763,0.846602,0.573335,0.691358,0.945580,0.959920,0.910089,0.860577
1k,杨戴/离婚__chunk002,杨戴,0.995161,0.953009,0.874363,0.717646,0.880796,0.977732,0.997318,0.988914,0.920701
1k,杨戴/离婚__chunk003,杨戴,0.997825,0.958127,0.765842,0.737815,0.760110,0.982358,0.992614,0.961445,0.906883
1k,杨戴/肥皂__chunk001,杨戴,0.997322,0.909889,0.878121,0.683371,0.911100,0.944837,0.972284,0.986937,0.898521
1k,杨戴/肥皂__chunk002,杨戴,0.997390,0.938593,0.902187,0.581607,0.687773,0.988634,0.979083,0.956202,0.876458
1k,杨戴/肥皂__chunk003,杨戴,0.995514,0.918281,0.861656,0.696903,0.746010,0.883396,0.979404,0.950003,0.875205
1k,杨戴/肥皂__chunk004,杨戴,0.994459,0.956684,0.908172,0.740486,0.745866,0.941139,0.978764,0.999625,0.906548
1k,杨戴/药__chunk001,杨戴,0.990110,0.935210,0.894834,0.728691,0.840168,0.999149,0.938499,0.922064,0.907461
1k,杨戴/药__chunk002,杨戴,0.987425,0.938207,0.891423,0.652382,0.709279,0.984890,0.987954,0.989541,0.889567
1k,杨戴/药__chunk003,杨戴,0.994813,0.931645,0.861479,0.740864,0.791677,0.996388,0.967513,0.932310,0.905171
1k,杨戴/铸剑__chunk001,杨戴,0.997943,0.943038,0.893826,0.852994,0.761937,0.957829,0.963086,0.945038,0.918775
1k,杨戴/铸剑__chunk002,杨戴,0.996041,0.928804,0.884493,0.716146,0.754640,0.950752,0.981045,0.988914,0.895519
1k,杨戴/铸剑__chunk003,杨戴,0.997144,0.924746,0.878553,0.704083,0.812145,0.980684,0.934328,0.867145,0.891785
1k,杨戴/铸剑__chunk004,杨戴,0.996227,0.911942,0.868415,0.666012,0.803142,0.995752,0.966546,0.934524,0.889586
1k,杨戴/铸剑__chunk005,杨戴,0.994809,0.940950,0.853252,0.682471,0.704526,0.993707,0.990809,0.993153,0.895046
1k,杨戴/铸剑__chunk006,杨戴,0.993394,0.879786,0.816549,0.491845,0.831745,0.994535,0.992614,0.964795,0.857735
1k,杨戴/铸剑__chunk007,杨戴,0.988794,0.897481,0.882153,0.654645,0.910618,0.987829,0.937503,0.907536,0.888791
1k,杨戴/阿Q正传__chunk001,杨戴,0.989864,0.933686,0.871360,0.705436,0.776803,0.991557,0.932851,0.920003,0.894175
1k,杨戴/阿Q正传__chunk002,杨戴,0.976196,0.949168,0.901318,0.592562,0.721483,0.974028,0.987445,0.979410,0.882288
1k,杨戴/阿Q正传__chunk003,杨戴,0.994178,0.920375,0.839418,0.676494,0.786109,0.958572,0.976552,0.946203,0.886337
1k,杨戴/阿Q正传__chunk004,杨戴,0.994411,0.908683,0.918282,0.759721,0.758139,0.997715,0.975577,0.992160,0.904555
1k,杨戴/阿Q正传__chunk005,杨戴,0.994800,0.917453,0.861206,0.542043,0.910504,0.996330,0.972954,0.945983,0.884177
1k,杨戴/阿Q正传__chunk006,杨戴,0.990752,0.944151,0.914832,0.804539,0.781230,0.982056,0.992614,0.961445,0.921508
1k,杨戴/阿Q正传__chunk007,杨戴,0.995838,0.923875,0.904423,0.723278,0.941546,0.986546,0.972652,0.974480,0.918585
1k,杨戴/阿Q正传__chunk008,杨戴,0.994869,0.916038,0.901346,0.583274,0.845850,0.994214,0.991269,0.992160,0.889309
1k,杨戴/阿Q正传__chunk009,杨戴,0.997359,0.928181,0.887999,0.695572,0.865619,0.982606,0.962296,0.917312,0.902974
1k,杨戴/阿Q正传__chunk010,杨戴,0.994277,0.939893,0.910017,0.784983,0.730018,0.995098,0.985071,0.993451,0.915090
1k,杨戴/阿Q正传__chunk011,杨戴,0.984026,0.917058,0.911149,0.643888,0.855911,0.991984,0.949466,0.945258,0.892259
1k,杨戴/阿Q正传__chunk012,杨戴,0.997515,0.958387,0.888422,0.678821,0.872997,0.981490,0.967048,0.953426,0.912411
1k,杨戴/阿Q正传__chunk013,杨戴,0.996738,0.955143,0.886451,0.795092,0.870387,0.996420,0.992614,0.993153,0.935224
1k,杨戴/阿Q正传__chunk014,杨戴,0.996073,0.920320,0.830098,0.660997,0.653333,0.981645,0.914775,0.895643,0.865198
1k,杨戴/阿Q正传__chunk015,杨戴,0.994825,0.915327,0.877226,0.740402,0.901889,0.994978,0.945664,0.866751,0.906342
1k,杨戴/阿Q正传__chunk016,杨戴,0.997644,0.959817,0.900846,0.627723,0.904389,0.998602,0.948989,0.954381,0.909758
1k,杨戴/阿Q正传__chunk017,杨戴,0.998164,0.937836,0.901578,0.730233,0.907723,0.996944,0.945178,0.904675,0.915846
1k,杨戴/风波__chunk001,杨戴,0.986567,0.944668,0.844705,0.796264,0.944564,0.993377,0.953396,0.995033,0.932286
1k,杨戴/风波__chunk002,杨戴,0.994786,0.958076,0.830285,0.708444,0.887365,0.980923,0.965192,0.916450,0.912899
1k,杨戴/风波__chunk003,杨戴,0.996903,0.965022,0.829695,0.778607,0.886268,0.980781,0.993966,0.976071,0.931417
1k,蓝/伤逝__chunk001,蓝,0.993517,0.911837,0.845376,0.718446,0.772036,0.978144,0.991800,0.975816,0.894834
1k,蓝/伤逝__chunk002,蓝,0.995373,0.858134,0.870807,0.566952,0.852029,0.992919,0.997237,0.996317,0.869241
1k,蓝/伤逝__chunk003,蓝,0.997816,0.899323,0.881946,0.616628,0.878777,0.985040,0.983016,0.976363,0.888923
1k,蓝/伤逝__chunk004,蓝,0.995099,0.913125,0.839627,0.621090,0.918314,0.992026,0.933255,0.901430,0.887624
1k,蓝/伤逝__chunk005,蓝,0.994088,0.869657,0.906957,0.615512,0.978319,0.993640,0.987478,0.988014,0.893007
1k,蓝/伤逝__chunk006,蓝,0.994420,0.886954,0.870921,0.725783,0.970147,0.988955,0.985331,0.981877,0.910927
1k,蓝/伤逝__chunk007,蓝,0.995042,0.870518,0.885052,0.726306,0.869367,0.994907,0.997321,0.997417,0.899634
1k,蓝/在酒楼上__chunk001,蓝,0.987638,0.930170,0.899627,0.793565,0.905641,0.992847,0.988644,0.977858,0.929079
1k,蓝/在酒楼上__chunk002,蓝,0.995850,0.944094,0.896466,0.728469,0.972570,0.992597,0.948699,0.850823,0.920465
1k,蓝/在酒楼上__chunk003,蓝,0.995218,0.870151,0.875066,0.673820,0.868646,0.993857,0.894436,0.848509,0.873206
1k,蓝/在酒楼上__chunk004,蓝,0.989510,0.841711,0.878901,0.625022,0.866958,0.992370,0.873685,0.793891,0.851777
1k,蓝/奔月__chunk001,蓝,0.998267,0.975999,0.934414,0.838150,0.849104,0.994863,0.988714,0.965118,0.946337
1k,蓝/奔月__chunk002,蓝,0.993569,0.961936,0.886835,0.764126,0.787166,0.979508,0.982375,0.992970,0.920427
1k,蓝/奔月__chunk003,蓝,0.996694,0.955315,0.916302,0.803694,0.817275,0.987333,0.967650,0.943760,0.926414
1k,蓝/奔月__chunk004,蓝,0.991267,0.941932,0.858151,0.767824,0.783129,0.989549,0.925286,0.909127,0.904518
1k,蓝/孤独者__chunk001,蓝,0.991727,0.952672,0.880230,0.759177,0.845423,0.992267,0.992824,0.975816,0.924318
1k,蓝/孤独者__chunk002,蓝,0.997264,0.957086,0.915469,0.708435,0.939987,0.995501,0.974736,0.978837,0.928630
1k,蓝/孤独者__chunk003,蓝,0.989455,0.910579,0.870765,0.650554,0.890296,0.975632,0.970762,0.977339,0.894558
1k,蓝/孤独者__chunk004,蓝,0.996348,0.929469,0.902533,0.830329,0.859387,0.968080,0.961936,0.923570,0.921674
1k,蓝/孤独者__chunk005,蓝,0.995480,0.834727,0.829268,0.645663,0.906095,0.996341,0.970762,0.955199,0.873176
1k,蓝/孤独者__chunk006,蓝,0.991490,0.815946,0.870059,0.667929,0.800390,0.978454,0.963180,0.941606,0.857830
1k,蓝/孤独者__chunk007,蓝,0.987035,0.958949,0.898081,0.779819,0.970310,0.993017,0.913815,0.852195,0.928240
1k,蓝/孤独者__chunk008,蓝,0.997963,0.923125,0.879845,0.711486,0.850611,0.993399,0.986783,0.955930,0.907995
1k,蓝/幸福的家庭__chunk001,蓝,0.995954,0.917254,0.851795,0.769603,0.879228,0.945809,0.988412,0.996317,0.911253
1k,蓝/幸福的家庭__chunk002,蓝,0.997387,0.948359,0.865848,0.705609,0.956378,0.986467,0.999650,0.972232,0.925565
1k,蓝/幸福的家庭__chunk003,蓝,0.992100,0.857741,0.831781,0.563521,0.961421,0.990528,0.895372,0.876850,0.860751
1k,蓝/故乡__chunk001,蓝,0.997270,0.956313,0.885717,0.825053,0.797103,0.996108,0.985971,0.976129,0.931195
1k,蓝/故乡__chunk002,蓝,0.990866,0.904597,0.883983,0.696607,0.873015,0.993750,0.927564,0.880169,0.892285
1k,蓝/故乡__chunk003,蓝,0.997252,0.927503,0.897526,0.694150,0.889777,0.997441,0.972930,0.984440,0.912084
1k,蓝/明天__chunk001,蓝,0.992601,0.933146,0.869261,0.661268,0.916062,0.996805,0.989551,0.992656,0.911572
1k,蓝/明天__chunk002,蓝,0.992637,0.940569,0.911460,0.822164,0.868783,0.996915,0.992553,0.974022,0.934704
1k,蓝/狂人日记__chunk001,蓝,0.986883,0.866951,0.816824,0.688817,0.928248,0.992049,0.933594,0.912257,0.883542
1k,蓝/狂人日记__chunk002,蓝,0.981830,0.846010,0.849197,0.539146,0.907305,0.983506,0.969792,0.935286,0.857317
1k,蓝/狂人日记__chunk003,蓝,0.995813,0.919881,0.908050,0.654937,0.694834,0.988713,0.950905,0.917244,0.877932
1k,蓝/社戏__chunk001,蓝,0.982985,0.926030,0.900842,0.790115,0.761248,0.984733,0.958360,0.933527,0.906014
1k,蓝/社戏__chunk002,蓝,0.997551,0.928506,0.883139,0.779419,0.828291,0.996575,0.975174,0.997364,0.919078
1k,蓝/社戏__chunk003,蓝,0.993110,0.940013,0.898393,0.769691,0.851135,0.996077,0.968488,0.958074,0.920966
1k,蓝/社戏__chunk004,蓝,0.996213,0.937704,0.819678,0.726359,0.929027,0.998200,0.977380,0.952036,0.918843
1k,蓝/祝福__chunk001,蓝,0.995900,0.954929,0.879520,0.767018,0.846335,0.996178,0.925005,0.878235,0.915570
1k,蓝/祝福__chunk002,蓝,0.994310,0.883602,0.847292,0.585796,0.992211,0.993127,0.978359,0.997314,0.890637
1k,蓝/祝福__chunk003,蓝,0.989383,0.873558,0.872254,0.642578,0.805762,0.992872,0.926636,0.895104,0.867931
1k,蓝/祝福__chunk004,蓝,0.987151,0.862615,0.873652,0.675838,0.844606,0.984798,0.915605,0.882452,0.870421
1k,蓝/祝福__chunk005,蓝,0.988124,0.886155,0.867095,0.609181,0.927211,0.995428,0.758959,0.607279,0.847686
1k,蓝/祝福__chunk006,蓝,0.993314,0.844031,0.915369,0.708678,0.898748,0.988273,0.935461,0.882452,0.880395
1k,蓝/祝福__chunk007,蓝,0.991837,0.863354,0.881507,0.717342,0.906355,0.989804,0.817991,0.743264,0.867935
1k,蓝/离婚__chunk001,蓝,0.992892,0.963156,0.849360,0.683555,0.860129,0.988817,0.925355,0.854841,0.902850
1k,蓝/离婚__chunk002,蓝,0.993914,0.952536,0.907353,0.749415,0.909385,0.995280,0.973762,0.962952,0.928686
1k,蓝/离婚__chunk003,蓝,0.995129,0.910665,0.872710,0.542827,0.818293,0.995926,0.936398,0.889668,0.867113
1k,蓝/肥皂__chunk001,蓝,0.997781,0.936597,0.918453,0.746651,0.908871,0.992145,0.991935,0.953337,0.925247
1k,蓝/肥皂__chunk002,蓝,0.998637,0.955878,0.896824,0.622429,0.860890,0.990722,0.984516,0.975901,0.906777
1k,蓝/肥皂__chunk003,蓝,0.997040,0.939934,0.882944,0.782817,0.845426,0.975991,0.981390,0.951359,0.919902
1k,蓝/肥皂__chunk004,蓝,0.996986,0.952316,0.890002,0.747940,0.885158,0.997233,0.879461,0.831850,0.909724
1k,蓝/药__chunk001,蓝,0.984827,0.923994,0.884820,0.802508,0.950433,0.999183,0.942313,0.888102,0.923855
1k,蓝/药__chunk002,蓝,0.991050,0.903090,0.900268,0.647556,0.663367,0.977032,0.979587,0.910918,0.868575
1k,蓝/药__chunk003,蓝,0.983305,0.909446,0.902307,0.734445,0.970550,0.994151,0.948473,0.985561,0.916749
1k,蓝/铸剑__chunk001,蓝,0.992524,0.952461,0.883977,0.779673,0.863238,0.991718,0.988412,0.975816,0.928854
1k,蓝/铸剑__chunk002,蓝,0.991967,0.954885,0.910593,0.759293,0.811975,0.975874,0.970762,0.923570,0.915919
1k,蓝/铸剑__chunk003,蓝,0.995720,0.932386,0.922780,0.775492,0.931100,0.996787,0.942313,0.895650,0.923393
1k,蓝/铸剑__chunk004,蓝,0.995536,0.952625,0.902037,0.708664,0.848542,0.994895,0.977380,0.929896,0.915064
1k,蓝/铸剑__chunk005,蓝,0.993515,0.920860,0.859744,0.731858,0.960953,0.976063,0.991610,0.971841,0.918633
1k,蓝/铸剑__chunk006,蓝,0.989434,0.898491,0.858539,0.538264,0.925992,0.985495,0.998353,0.955180,0.880175
1k,蓝/铸剑__chunk007,蓝,0.991365,0.897109,0.876307,0.645607,0.880644,0.990165,0.947585,0.931003,0.886823
1k,蓝/阿Q正传__chunk001,蓝,0.986187,0.953040,0.864107,0.753542,0.832600,0.965440,0.991800,0.949443,0.915495
1k,蓝/阿Q正传__chunk002,蓝,0.988022,0.948579,0.862484,0.729967,0.698411,0.975769,0.983016,0.985921,0.899799
1k,蓝/阿Q正传__chunk003,蓝,0.993931,0.908984,0.862408,0.548652,0.836547,0.960666,0.966423,0.938173,0.868812
1k,蓝/阿Q正传__chunk004,蓝,0.990764,0.885807,0.905122,0.706516,0.906045,0.994341,0.986317,0.925382,0.900708
1k,蓝/阿Q正传__chunk005,蓝,0.995810,0.891710,0.874213,0.644797,0.972252,0.983703,0.967520,0.915502,0.894832
1k,蓝/阿Q正传__chunk006,蓝,0.989535,0.946787,0.917999,0.781910,0.813532,0.980297,0.949175,0.881562,0.913569
1k,蓝/阿Q正传__chunk007,蓝,0.995434,0.938491,0.875190,0.805850,0.970740,0.971667,0.985331,0.963916,0.935281
1k,蓝/阿Q正传__chunk008,蓝,0.998300,0.952286,0.900365,0.710229,0.912245,0.961837,0.980812,0.982683,0.919784
1k,蓝/阿Q正传__chunk009,蓝,0.994612,0.941951,0.938350,0.677954,0.880563,0.987561,0.969457,0.956135,0.911600
1k,蓝/阿Q正传__chunk010,蓝,0.996983,0.951291,0.897478,0.668500,0.779489,0.961461,0.988412,0.988014,0.900644
1k,蓝/阿Q正传__chunk011,蓝,0.998808,0.948011,0.908097,0.816866,0.762061,0.992411,0.998445,0.982683,0.926265
1k,蓝/阿Q正传__chunk012,蓝,0.993573,0.962560,0.897052,0.601912,0.901867,0.950353,0.997355,0.990982,0.905289
1k,蓝/阿Q正传__chunk013,蓝,0.996687,0.953148,0.902324,0.779718,0.914122,0.993248,0.989401,0.999520,0.937003
1k,蓝/阿Q正传__chunk014,蓝,0.990389,0.945262,0.850806,0.876779,0.936351,0.996139,0.995163,0.948493,0.946672
1k,蓝/阿Q正传__chunk015,蓝,0.997484,0.948738,0.911932,0.779845,0.866945,0.989703,0.983016,0.963724,0.928581
1k,蓝/阿Q正传__chunk016,蓝,0.997780,0.963716,0.918963,0.653001,0.841262,0.989245,0.904573,0.831846,0.897354
1k,蓝/阿Q正传__chunk017,蓝,0.989234,0.931457,0.782696,0.731773,0.966959,0.977393,0.872472,0.806863,0.898156
1k,蓝/风波__chunk001,蓝,0.986398,0.946752,0.806360,0.764142,0.931299,0.971519,0.925043,0.883844,0.913159
1k,蓝/风波__chunk002,蓝,0.993082,0.961526,0.811171,0.819042,0.949933,0.980385,0.998353,0.980502,0.942092
1k,蓝/风波__chunk003,蓝,0.991868,0.935846,0.859704,0.629126,0.910526,0.983747,0.976892,0.994452,0.903321
2k,杨戴/伤逝__chunk001,杨戴,0.998462,0.900973,0.903219,0.688745,0.929479,0.995154,0.991258,0.976444,0.908780
2k,杨戴/伤逝__chunk002,杨戴,0.997704,0.924917,0.929151,0.750321,0.934627,0.995509,0.942962,0.948998,0.920787
2k,杨戴/伤逝__chunk003,杨戴,0.998340,0.911288,0.934131,0.750776,0.923504,0.995781,0.970510,0.910104,0.916817
2k,杨戴/伤逝__chunk004,杨戴,0.996378,0.890458,0.898174,0.706449,0.824198,0.994699,0.980143,0.964224,0.895501
2k,杨戴/在酒楼上__chunk001,杨戴,0.995523,0.943902,0.946582,0.843244,0.873694,0.989226,0.976766,0.989131,0.939425
2k,杨戴/在酒楼上__chunk002,杨戴,0.998102,0.904738,0.927240,0.710513,0.852561,0.984382,0.937637,0.935476,0.897621
2k,杨戴/奔月__chunk001,杨戴,0.997874,0.984961,0.955475,0.828727,0.753163,0.962743,0.984282,0.995290,0.935279
2k,杨戴/奔月__chunk002,杨戴,0.995968,0.961724,0.926337,0.802115,0.679595,0.977221,0.967962,0.956507,0.913912
2k,杨戴/孤独者__chunk001,杨戴,0.996473,0.974960,0.949154,0.851668,0.960403,0.987870,0.909134,0.845481,0.944751
2k,杨戴/孤独者__chunk002,杨戴,0.993531,0.922582,0.927992,0.744404,0.764566,0.993856,0.957926,0.951806,0.903106
2k,杨戴/孤独者__chunk003,杨戴,0.992296,0.879087,0.923868,0.638128,0.828433,0.995488,0.990004,0.952575,0.883664
2k,杨戴/孤独者__chunk004,杨戴,0.996712,0.965864,0.928186,0.811816,0.888534,0.990539,0.934189,0.919718,0.934451
2k,杨戴/幸福的家庭__chunk001,杨戴,0.991825,0.928195,0.928742,0.728164,0.885278,0.984812,0.997601,0.986439,0.918634
2k,杨戴/故乡__chunk001,杨戴,0.998288,0.969661,0.941101,0.814099,0.800102,0.995907,0.953578,0.933143,0.931308
2k,杨戴/故乡__chunk002,杨戴,0.996116,0.959394,0.929408,0.794091,0.884664,0.980833,0.992521,0.996034,0.937659
2k,杨戴/明天__chunk001,杨戴,0.992555,0.945008,0.934477,0.578950,0.987763,0.974738,0.931375,0.841741,0.896536
2k,杨戴/狂人日记__chunk001,杨戴,0.993090,0.913841,0.911192,0.741203,0.855263,0.992500,0.915899,0.905149,0.901450
2k,杨戴/狂人日记__chunk002,杨戴,0.997940,0.910769,0.921018,0.762507,0.928042,0.994959,0.917537,0.900900,0.912298
2k,杨戴/社戏__chunk001,杨戴,0.996183,0.938259,0.946494,0.789920,0.805928,0.989505,0.950680,0.933143,0.917652
2k,杨戴/社戏__chunk002,杨戴,0.997400,0.926776,0.908836,0.842820,0.872331,0.993219,0.948256,0.905601,0.925959
2k,杨戴/祝福__chunk001,杨戴,0.994819,0.942693,0.928926,0.797472,0.833492,0.989132,0.985761,0.989974,0.928151
2k,杨戴/祝福__chunk002,杨戴,0.992919,0.890985,0.934628,0.702012,0.819900,0.992094,0.923145,0.881820,0.885830
2k,杨戴/祝福__chunk003,杨戴,0.995101,0.925722,0.925221,0.777348,0.794999,0.988274,0.833711,0.709543,0.886679
2k,杨戴/祝福__chunk004,杨戴,0.997179,0.911842,0.922600,0.652462,0.846431,0.992844,0.885660,0.855257,0.882168
2k,杨戴/离婚__chunk001,杨戴,0.996991,0.975300,0.925797,0.764940,0.791402,0.971751,0.937637,0.881820,0.916078
2k,杨戴/离婚__chunk002,杨戴,0.997869,0.962988,0.834567,0.762045,0.715738,0.973864,0.909081,0.862617,0.896411
2k,杨戴/肥皂__chunk001,杨戴,0.998384,0.941217,0.934044,0.729596,0.800289,0.973940,0.993244,0.972413,0.912410
2k,杨戴/肥皂__chunk002,杨戴,0.995591,0.967275,0.930197,0.781743,0.743592,0.921516,0.992295,0.984101,0.914534
2k,杨戴/药__chunk001,杨戴,0.989614,0.941925,0.926523,0.757729,0.772535,0.996002,0.967304,0.954220,0.912619
2k,杨戴/药__chunk002,杨戴,0.994310,0.933569,0.866587,0.745961,0.798011,0.996447,0.789497,0.718676,0.878877
2k,杨戴/铸剑__chunk001,杨戴,0.997606,0.948924,0.931217,0.847334,0.758073,0.956443,0.991426,0.987693,0.925900
2k,杨戴/铸剑__chunk002,杨戴,0.997023,0.930796,0.912188,0.782846,0.808883,0.991855,0.935336,0.881132,0.909234
2k,杨戴/铸剑__chunk003,杨戴,0.994697,0.920453,0.876041,0.771226,0.768450,0.996362,0.994156,0.996881,0.910650
2k,杨戴/阿Q正传__chunk001,杨戴,0.984661,0.954748,0.926762,0.683458,0.745141,0.989413,0.955521,0.985813,0.901516
2k,杨戴/阿Q正传__chunk002,杨戴,0.995572,0.933446,0.931595,0.750071,0.775105,0.983919,0.974829,0.979310,0.910228
2k,杨戴/阿Q正传__chunk003,杨戴,0.996848,0.949927,0.941934,0.690834,0.917538,0.993390,0.975109,0.963760,0.921846
2k,杨戴/阿Q正传__chunk004,杨戴,0.996228,0.931620,0.937338,0.682742,0.905910,0.995126,0.980727,0.978397,0.915239
2k,杨戴/阿Q正传__chunk005,杨戴,0.998273,0.954535,0.949695,0.785199,0.780796,0.990600,0.973381,0.960657,0.923493
2k,杨戴/阿Q正传__chunk006,杨戴,0.994767,0.964071,0.943215,0.686863,0.895873,0.994549,0.953102,0.958325,0.920884
2k,杨戴/阿Q正传__chunk007,杨戴,0.998615,0.954721,0.895627,0.791399,0.749419,0.994957,0.937637,0.942474,0.914842
2k,杨戴/阿Q正传__chunk008,杨戴,0.998252,0.958567,0.937547,0.721136,0.916978,0.997495,0.926507,0.917272,0.922279
2k,杨戴/阿Q正传__chunk009,杨戴,0.998286,0.936188,0.892788,0.728446,0.890252,0.996646,0.929294,0.931769,0.912631
2k,杨戴/风波__chunk001,杨戴,0.993811,0.964445,0.880843,0.815958,0.917147,0.995920,0.987436,0.916313,0.940812
2k,杨戴/风波__chunk002,杨戴,0.996873,0.967233,0.838523,0.775392,0.870467,0.962301,0.858595,0.858035,0.908245
2k,蓝/伤逝__chunk001,蓝,0.996114,0.907632,0.914615,0.724274,0.853824,0.987156,0.986727,0.988029,0.907803
2k,蓝/伤逝__chunk002,蓝,0.998545,0.919887,0.904569,0.690691,0.902266,0.989693,0.964645,0.977077,0.908652
2k,蓝/伤逝__chunk003,蓝,0.996402,0.893498,0.931642,0.755851,0.961362,0.991174,0.995961,0.997889,0.921952
2k,蓝/在酒楼上__chunk001,蓝,0.994625,0.951863,0.939817,0.830807,0.963719,0.994560,0.980383,0.959754,0.948215
2k,蓝/在酒楼上__chunk002,蓝,0.994107,0.874716,0.918598,0.714387,0.880654,0.996982,0.833997,0.758450,0.873849
2k,蓝/奔月__chunk001,蓝,0.997582,0.980277,0.944093,0.854493,0.821562,0.991215,0.994261,0.939584,0.946464
2k,蓝/奔月__chunk002,蓝,0.995132,0.962283,0.919239,0.847630,0.808051,0.989588,0.956571,0.942802,0.933345
2k,蓝/孤独者__chunk001,蓝,0.995760,0.974107,0.945894,0.826759,0.883362,0.994384,0.985422,0.974334,0.947869
2k,蓝/孤独者__chunk002,蓝,0.995314,0.946624,0.939451,0.835573,0.884422,0.974468,0.959758,0.949113,0.933871
2k,蓝/孤独者__chunk003,蓝,0.994993,0.854490,0.897804,0.690091,0.856128,0.992457,0.970012,0.977077,0.884587
2k,蓝/孤独者__chunk004,蓝,0.997728,0.975080,0.952648,0.822023,0.901768,0.994377,0.959487,0.934215,0.945225
2k,蓝/幸福的家庭__chunk001,蓝,0.997295,0.944298,0.901323,0.815937,0.941624,0.976118,0.986960,0.962377,0.937870
2k,蓝/故乡__chunk001,蓝,0.996909,0.958861,0.937430,0.869457,0.947862,0.998846,0.951790,0.936291,0.951246
2k,蓝/故乡__chunk002,蓝,0.995278,0.943260,0.929535,0.773364,0.959322,0.996593,0.858156,0.842448,0.918346
2k,蓝/明天__chunk001,蓝,0.992127,0.941045,0.929534,0.807593,0.888698,0.996835,0.985226,0.939749,0.933047
2k,蓝/狂人日记__chunk001,蓝,0.985988,0.884530,0.879851,0.745141,0.935073,0.990119,0.947599,0.923339,0.902674
2k,蓝/狂人日记__chunk002,蓝,0.997480,0.927860,0.923731,0.686223,0.716968,0.987011,0.976869,0.982736,0.893798
2k,蓝/社戏__chunk001,蓝,0.993773,0.947046,0.948476,0.833549,0.790290,0.994459,0.976685,0.941660,0.928896
2k,蓝/社戏__chunk002,蓝,0.997310,0.947193,0.897696,0.827544,0.947412,0.998669,0.982578,0.961307,0.943770
2k,蓝/祝福__chunk001,蓝,0.997103,0.956755,0.924709,0.805761,0.919793,0.997083,0.962024,0.920960,0.937628
2k,蓝/祝福__chunk002,蓝,0.988140,0.872835,0.919655,0.690846,0.959772,0.997437,0.876535,0.827171,0.884879
2k,蓝/祝福__chunk003,蓝,0.992629,0.895950,0.922214,0.689825,0.907627,0.992976,0.800022,0.693035,0.871995
2k,蓝/离婚__chunk001,蓝,0.996047,0.975584,0.936806,0.830040,0.892401,0.995497,0.963407,0.950063,0.946035
2k,蓝/离婚__chunk002,蓝,0.997657,0.936464,0.898506,0.617656,0.794393,0.996756,0.909271,0.912973,0.883807
2k,蓝/肥皂__chunk001,蓝,0.998893,0.963162,0.938270,0.770472,0.887546,0.996460,0.991810,0.992560,0.938355
2k,蓝/肥皂__chunk002,蓝,0.998686,0.970003,0.937384,0.819347,0.880551,0.992660,0.924326,0.869236,0.933489
2k,蓝/药__chunk001,蓝,0.988534,0.933037,0.943117,0.824975,0.802107,0.996000,0.966250,0.982113,0.925008
2k,蓝/铸剑__chunk001,蓝,0.996352,0.961390,0.935188,0.863088,0.843746,0.988929,0.973182,0.963339,0.942474
2k,蓝/铸剑__chunk002,蓝,0.996602,0.947782,0.940771,0.818364,0.960777,0.997223,0.973829,0.998050,0.946735
2k,蓝/铸剑__chunk003,蓝,0.991343,0.910317,0.875352,0.815187,0.960153,0.981014,0.995463,0.958660,0.928922
2k,蓝/阿Q正传__chunk001,蓝,0.988450,0.963874,0.921985,0.780842,0.756185,0.973960,0.989843,0.944884,0.919174
2k,蓝/阿Q正传__chunk002,蓝,0.995924,0.922409,0.940757,0.669309,0.877695,0.982306,0.958035,0.904935,0.899915
2k,蓝/阿Q正传__chunk003,蓝,0.996759,0.939208,0.943727,0.728818,0.880435,0.985300,0.925440,0.867793,0.909719
2k,蓝/阿Q正传__chunk004,蓝,0.998719,0.955778,0.938406,0.784858,0.927712,0.969551,0.980726,0.963375,0.935699
2k,蓝/阿Q正传__chunk005,蓝,0.997262,0.954452,0.954467,0.686234,0.830843,0.976952,0.959268,0.921881,0.908368
2k,蓝/阿Q正传__chunk006,蓝,0.998953,0.985479,0.941847,0.783515,0.856973,0.977531,0.985422,0.982113,0.940133
2k,蓝/阿Q正传__chunk007,蓝,0.996166,0.961056,0.923941,0.891576,0.920342,0.997366,0.992312,0.960052,0.956740
2k,蓝/阿Q正传__chunk008,蓝,0.999267,0.963234,0.946887,0.746127,0.961976,0.991846,0.931104,0.883635,0.930427
2k,蓝/风波__chunk001,蓝,0.990926,0.964328,0.838896,0.849570,0.971059,0.977085,0.951706,0.939859,0.943603
4k,杨戴/伤逝__chunk001,杨戴,0.998410,0.919926,0.940625,0.770410,0.937213,0.996723,0.975133,0.992584,0.928784
4k,杨戴/伤逝__chunk002,杨戴,0.997934,0.907933,0.943853,0.775777,0.890320,0.997555,0.972295,0.912160,0.917235
4k,杨戴/在酒楼上__chunk001,杨戴,0.997477,0.944824,0.954062,0.855135,0.854242,0.987128,0.914642,0.893174,0.928784
4k,杨戴/奔月__chunk001,杨戴,0.997839,0.982400,0.967755,0.871918,0.722161,0.971438,0.992595,0.964512,0.939096
4k,杨戴/孤独者__chunk001,杨戴,0.995852,0.968245,0.968413,0.866143,0.866120,0.995656,0.957607,0.893514,0.944798
4k,杨戴/孤独者__chunk002,杨戴,0.995464,0.940129,0.960944,0.812690,0.860618,0.993734,0.958652,0.932425,0.929144
4k,杨戴/幸福的家庭__chunk001,杨戴,0.994288,0.947177,0.949919,0.773306,0.936162,0.989340,0.896242,0.870776,0.922254
4k,杨戴/故乡__chunk001,杨戴,0.997928,0.970327,0.961567,0.855378,0.832307,0.990074,0.934168,0.903483,0.937609
4k,杨戴/明天__chunk001,杨戴,0.989267,0.943606,0.943985,0.602777,0.984874,0.983922,0.950315,0.994516,0.910457
4k,杨戴/狂人日记__chunk001,杨戴,0.996202,0.923011,0.932604,0.820882,0.952106,0.995451,0.880898,0.859806,0.921894
4k,杨戴/社戏__chunk001,杨戴,0.998438,0.957158,0.961903,0.874501,0.885760,0.993960,0.947513,0.915075,0.944436
4k,杨戴/祝福__chunk001,杨戴,0.998196,0.952015,0.963595,0.841205,0.814699,0.995730,0.971751,0.941161,0.934847
4k,杨戴/祝福__chunk002,杨戴,0.996779,0.934157,0.954437,0.799019,0.805167,0.990703,0.914308,0.826471,0.909376
4k,杨戴/离婚__chunk001,杨戴,0.997949,0.981453,0.920412,0.838050,0.762391,0.974131,0.987845,0.970325,0.935618
4k,杨戴/肥皂__chunk001,杨戴,0.997958,0.973111,0.965450,0.827719,0.775159,0.952670,0.979148,0.952354,0.930108
4k,杨戴/药__chunk001,杨戴,0.992719,0.964251,0.947271,0.844616,0.785789,0.997111,0.877120,0.838090,0.920365
4k,杨戴/铸剑__chunk001,杨戴,0.998173,0.945891,0.953466,0.835669,0.789153,0.977369,0.959627,0.931728,0.924678
4k,杨戴/铸剑__chunk002,杨戴,0.994871,0.927180,0.907815,0.660703,0.808857,0.995948,0.867856,0.801380,0.879270
4k,杨戴/阿Q正传__chunk001,杨戴,0.991213,0.961805,0.951036,0.711058,0.753584,0.987465,0.973740,0.994594,0.912455
4k,杨戴/阿Q正传__chunk002,杨戴,0.996680,0.946501,0.957245,0.673328,0.906124,0.997006,0.966354,0.958249,0.917191
4k,杨戴/阿Q正传__chunk003,杨戴,0.997576,0.971952,0.969675,0.724125,0.828669,0.995770,0.944084,0.923672,0.921270
4k,杨戴/阿Q正传__chunk004,杨戴,0.999043,0.962949,0.942508,0.761955,0.825450,0.998284,0.924845,0.944493,0.922204
4k,杨戴/风波__chunk001,杨戴,0.995738,0.974354,0.882031,0.849611,0.905436,0.988026,0.993905,0.903665,0.946744
4k,蓝/伤逝__chunk001,蓝,0.998586,0.920534,0.931044,0.766060,0.943504,0.996353,0.965779,0.966518,0.926187
4k,蓝/伤逝__chunk002,蓝,0.996128,0.894739,0.937938,0.795544,0.960371,0.994106,0.940184,0.911898,0.919029
4k,蓝/在酒楼上__chunk001,蓝,0.996443,0.933406,0.951458,0.843192,0.918413,0.998117,0.859025,0.826714,0.922515
4k,蓝/奔月__chunk001,蓝,0.997400,0.979821,0.957953,0.908844,0.815272,0.989786,0.975954,0.963138,0.953658
4k,蓝/孤独者__chunk001,蓝,0.995577,0.972779,0.964435,0.879666,0.965369,0.990604,0.949987,0.942717,0.958825
4k,蓝/孤独者__chunk002,蓝,0.996554,0.949009,0.962209,0.851647,0.915026,0.996353,0.978017,0.991493,0.948548
4k,蓝/幸福的家庭__chunk001,蓝,0.997951,0.948882,0.925716,0.804245,0.954130,0.985087,0.921528,0.931544,0.933288
4k,蓝/故乡__chunk001,蓝,0.998511,0.964685,0.957843,0.894245,0.959033,0.998796,0.979959,0.947264,0.962367
4k,蓝/明天__chunk001,蓝,0.991402,0.945452,0.936146,0.836527,0.934766,0.998367,0.918494,0.931276,0.936707
4k,蓝/狂人日记__chunk001,蓝,0.992006,0.906696,0.925462,0.802203,0.841255,0.988887,0.945650,0.942569,0.911965
4k,蓝/社戏__chunk001,蓝,0.996487,0.963864,0.955179,0.881618,0.863671,0.998244,0.991368,0.986110,0.953356
4k,蓝/祝福__chunk001,蓝,0.996557,0.953032,0.963047,0.804989,0.940895,0.998932,0.938998,0.958141,0.940202
4k,蓝/祝福__chunk002,蓝,0.994390,0.909231,0.941908,0.748525,0.904489,0.993325,0.934446,0.878190,0.908384
4k,蓝/离婚__chunk001,蓝,0.997548,0.979511,0.959249,0.855459,0.853184,0.996013,0.975105,0.976226,0.950931
4k,蓝/肥皂__chunk001,蓝,0.999345,0.976767,0.961350,0.846751,0.889990,0.995646,0.993758,0.971533,0.954343
4k,蓝/药__chunk001,蓝,0.991140,0.957431,0.958830,0.876328,0.851846,0.998378,0.893980,0.900683,0.935107
4k,蓝/铸剑__chunk001,蓝,0.997592,0.961353,0.957960,0.861414,0.900281,0.994045,0.982856,0.983209,0.951856
4k,蓝/铸剑__chunk002,蓝,0.993074,0.917827,0.908490,0.684468,0.935097,0.985282,0.906241,0.857506,0.897552
4k,蓝/阿Q正传__chunk001,蓝,0.992516,0.957892,0.962698,0.723123,0.813444,0.979852,0.974246,0.931289,0.915534
4k,蓝/阿Q正传__chunk002,蓝,0.998435,0.952792,0.965085,0.745308,0.904274,0.981033,0.959767,0.923442,0.925463
4k,蓝/阿Q正传__chunk003,蓝,0.998489,0.979422,0.963746,0.716324,0.843635,0.978866,0.991426,0.993084,0.929302
4k,蓝/阿Q正传__chunk004,蓝,0.998177,0.965537,0.955831,0.829363,0.953305,0.995620,0.947819,0.946750,0.948468
4k,蓝/风波__chunk001,蓝,0.992301,0.971030,0.876118,0.869951,0.955502,0.979342,0.941679,0.979100,0.950412
