variant,scale,within,between,d,competition_wins,knn_acc,knn_baseline
default,1k,0.170182,0.181941,0.270631,16,0.535714,0.511905
uniform,1k,0.160141,0.174181,0.383540,16,0.625000,0.511905
lodo_word_length_dist,1k,0.187609,0.200471,0.268007,16,0.535714,0.511905
lodo_function_word_freq,1k,0.176882,0.188097,0.266847,16,0.553571,0.511905
lodo_char_ngrams,1k,0.167196,0.179012,0.263656,16,0.553571,0.511905
lodo_word_bigrams,1k,0.109553,0.121440,0.362834,16,0.666667,0.511905
lodo_sentence_stats,1k,0.167926,0.180918,0.282509,16,0.625000,0.511905
lodo_punct_dist,1k,0.194894,0.208094,0.261441,16,0.535714,0.511905
lodo_ttr,1k,0.182628,0.192808,0.216454,16,0.529762,0.511905
lodo_hapax_ratio,1k,0.174202,0.184184,0.222452,16,0.500000,0.511905
single_word_length_dist,1k,0.013338,0.015168,0.195134,14,0.630952,0.511905
single_function_word_freq,1k,0.154548,0.167576,0.181219,16,0.589286,0.511905
single_char_ngrams,1k,0.226905,0.237585,0.214421,15,0.452381,0.511905
single_word_bigrams,1k,0.513747,0.524780,0.073262,16,0.476190,0.511905
single_sentence_stats,1k,0.190479,0.191146,0.006303,14,0.416667,0.511905
single_punct_dist,1k,0.030145,0.033740,0.126795,10,0.672619,0.511905
single_ttr,1k,0.058162,0.084136,0.503345,4,0.726190,0.511905
single_hapax_ratio,1k,0.093803,0.139316,0.562935,3,0.636905,0.511905
random_20260818,1k,0.161401,0.173767,0.296638,16,0.535714,0.511905
random_20260819,1k,0.159585,0.170240,0.258728,16,0.523810,0.511905
random_20260820,1k,0.184349,0.195747,0.244334,16,0.535714,0.511905
random_20260821,1k,0.161022,0.171340,0.270693,16,0.541667,0.511905
random_20260822,1k,0.150125,0.162298,0.328135,16,0.589286,0.511905
random_20260823,1k,0.156113,0.169195,0.311252,16,0.601190,0.511905
random_20260824,1k,0.175976,0.188215,0.266714,16,0.535714,0.511905
random_20260825,1k,0.184654,0.196456,0.237070,16,0.511905,0.511905
random_20260826,1k,0.190436,0.201663,0.225803,16,0.500000,0.511905
random_20260827,1k,0.170005,0.181849,0.285998,16,0.565476,0.511905
random_20260828,1k,0.156440,0.167464,0.280189,16,0.559524,0.511905
random_20260829,1k,0.171014,0.182396,0.267017,16,0.583333,0.511905
random_20260830,1k,0.185296,0.197524,0.263789,16,0.577381,0.511905
random_20260831,1k,0.167672,0.180906,0.314763,16,0.601190,0.511905
random_20260832,1k,0.206525,0.217998,0.218361,16,0.571429,0.511905
random_20260833,1k,0.165041,0.177215,0.282697,16,0.529762,0.511905
random_20260834,1k,0.196431,0.209413,0.272160,16,0.541667,0.511905
random_20260835,1k,0.182885,0.194082,0.251384,16,0.547619,0.511905
random_20260836,1k,0.176608,0.189474,0.286055,16,0.553571,0.511905
random_20260837,1k,0.170406,0.183723,0.316293,16,0.577381,0.511905
default,2k,0.141333,0.152875,0.271823,16,0.710843,0.530120
uniform,2k,0.134979,0.149640,0.392955,15,0.686747,0.530120
lodo_word_length_dist,2k,0.156032,0.168627,0.268145,16,0.698795,0.530120
lodo_function_word_freq,2k,0.150520,0.161962,0.261461,15,0.674699,0.530120
lodo_char_ngrams,2k,0.140733,0.152321,0.263262,16,0.686747,0.530120
lodo_word_bigrams,2k,0.092447,0.104459,0.395320,16,0.771084,0.530120
lodo_sentence_stats,2k,0.136846,0.149640,0.288606,16,0.674699,0.530120
lodo_punct_dist,2k,0.161925,0.174967,0.263200,16,0.662651,0.530120
lodo_ttr,2k,0.149190,0.158852,0.212315,16,0.602410,0.530120
lodo_hapax_ratio,2k,0.143358,0.152765,0.216099,16,0.614458,0.530120
single_word_length_dist,2k,0.009035,0.011105,0.304914,13,0.698795,0.530120
single_function_word_freq,2k,0.119894,0.131672,0.185866,16,0.590361,0.530120
single_char_ngrams,2k,0.152730,0.163403,0.254465,15,0.421687,0.530120
single_word_bigrams,2k,0.418348,0.427233,0.057342,15,0.530120,0.530120
single_sentence_stats,2k,0.181708,0.181990,0.002768,15,0.469880,0.530120
single_punct_dist,2k,0.024644,0.027683,0.124116,9,0.686747,0.530120
single_ttr,2k,0.070619,0.099081,0.486142,4,0.759036,0.530120
single_hapax_ratio,2k,0.102856,0.154956,0.613079,2,0.710843,0.530120
random_20260818,2k,0.133690,0.145922,0.305342,16,0.722892,0.530120
random_20260819,2k,0.131338,0.141612,0.259832,16,0.710843,0.530120
random_20260820,2k,0.152069,0.163167,0.240821,16,0.662651,0.530120
random_20260821,2k,0.132942,0.143118,0.270917,16,0.698795,0.530120
random_20260822,2k,0.124554,0.136735,0.334788,16,0.674699,0.530120
random_20260823,2k,0.130107,0.143184,0.320676,16,0.686747,0.530120
random_20260824,2k,0.147107,0.159135,0.268880,16,0.710843,0.530120
random_20260825,2k,0.152119,0.163456,0.237212,16,0.662651,0.530120
random_20260826,2k,0.154704,0.165395,0.222636,16,0.614458,0.530120
random_20260827,2k,0.142060,0.153874,0.286685,16,0.698795,0.530120
random_20260828,2k,0.131866,0.142761,0.279391,16,0.710843,0.530120
random_20260829,2k,0.139924,0.151073,0.267484,16,0.662651,0.530120
random_20260830,2k,0.156805,0.168942,0.260103,16,0.686747,0.530120
random_20260831,2k,0.140113,0.153405,0.317689,16,0.662651,0.530120
random_20260832,2k,0.171266,0.182343,0.209166,16,0.626506,0.530120
random_20260833,2k,0.136914,0.148914,0.288615,16,0.698795,0.530120
random_20260834,2k,0.164518,0.177478,0.268718,16,0.674699,0.530120
random_20260835,2k,0.151581,0.162594,0.248290,16,0.686747,0.530120
random_20260836,2k,0.146128,0.158857,0.290280,16,0.650602,0.530120
random_20260837,2k,0.142617,0.156013,0.320005,16,0.674699,0.530120
default,4k,0.121367,0.136493,0.370115,16,0.739130,0.500000
uniform,4k,0.115998,0.137697,0.586727,14,0.760870,0.500000
lodo_word_length_dist,4k,0.133959,0.150592,0.368044,16,0.739130,0.500000
lodo_function_word_freq,4k,0.130924,0.147796,0.379229,15,0.739130,0.500000
lodo_char_ngrams,4k,0.122121,0.137481,0.362132,16,0.739130,0.500000
lodo_word_bigrams,4k,0.079270,0.096083,0.601205,16,0.847826,0.500000
lodo_sentence_stats,4k,0.116697,0.133053,0.381428,16,0.652174,0.500000
lodo_punct_dist,4k,0.139248,0.156358,0.360116,16,0.673913,0.500000
lodo_ttr,4k,0.126781,0.138120,0.261303,16,0.586957,0.500000
lodo_hapax_ratio,4k,0.122607,0.133916,0.271701,16,0.630435,0.500000
single_word_length_dist,4k,0.008046,0.009596,0.250296,14,0.500000,0.500000
single_function_word_freq,4k,0.099069,0.110117,0.203133,16,0.500000,0.500000
single_char_ngrams,4k,0.107042,0.117716,0.300578,16,0.369565,0.500000
single_word_bigrams,4k,0.359920,0.365480,0.034556,15,0.369565,0.500000
single_sentence_stats,4k,0.163401,0.167448,0.043533,13,0.565217,0.500000
single_punct_dist,4k,0.020043,0.023922,0.191819,10,0.652174,0.500000
single_ttr,4k,0.072648,0.121844,0.810544,5,0.847826,0.500000
single_hapax_ratio,4k,0.097816,0.185451,1.054632,4,0.782609,0.500000
random_20260818,4k,0.114315,0.130545,0.428656,16,0.739130,0.500000
random_20260819,4k,0.112088,0.124999,0.344203,16,0.652174,0.500000
random_20260820,4k,0.130361,0.144470,0.312858,16,0.630435,0.500000
random_20260821,4k,0.113511,0.126870,0.366342,16,0.673913,0.500000
random_20260822,4k,0.106842,0.123495,0.469718,16,0.717391,0.500000
random_20260823,4k,0.112151,0.129779,0.450474,16,0.717391,0.500000
random_20260824,4k,0.126762,0.142659,0.373665,16,0.739130,0.500000
random_20260825,4k,0.130039,0.143984,0.310152,16,0.652174,0.500000
random_20260826,4k,0.131363,0.143969,0.274063,16,0.543478,0.500000
random_20260827,4k,0.122254,0.138359,0.400067,16,0.739130,0.500000
random_20260828,4k,0.114230,0.129072,0.392245,16,0.760870,0.500000
random_20260829,4k,0.119137,0.133384,0.349358,16,0.630435,0.500000
random_20260830,4k,0.136061,0.152852,0.366794,15,0.739130,0.500000
random_20260831,4k,0.120829,0.139212,0.446367,15,0.717391,0.500000
random_20260832,4k,0.147617,0.161763,0.266861,15,0.630435,0.500000
random_20260833,4k,0.117424,0.133188,0.399904,16,0.739130,0.500000
random_20260834,4k,0.141961,0.159833,0.373680,15,0.739130,0.500000
random_20260835,4k,0.129949,0.144374,0.331215,16,0.695652,0.500000
random_20260836,4k,0.125137,0.141992,0.399763,16,0.717391,0.500000
random_20260837,4k,0.122880,0.141504,0.454714,15,0.739130,0.500000
